변환,원자료
2010-01-04,1167.60 
2010-01-05,1156.20 
2010-01-06,1144.30 
2010-01-07,1138.20 
2010-01-08,1133.20 
2010-01-11,1132.90 
2010-01-12,1119.80 
2010-01-13,1124.20 
2010-01-14,1126.40 
2010-01-15,1122.10 
2010-01-18,1123.20 
2010-01-19,1126.90 
2010-01-20,1124.30 
2010-01-21,1132.30 
2010-01-22,1138.50 
2010-01-25,1150.10 
2010-01-26,1149.10 
2010-01-27,1151.20 
2010-01-28,1159.40 
2010-01-29,1156.50 
2010-02-01,1157.90 
2010-02-02,1167.80 
2010-02-03,1160.10 
2010-02-04,1152.20 
2010-02-05,1153.30 
2010-02-08,1171.00 
2010-02-09,1172.60 
2010-02-10,1166.60 
2010-02-11,1157.90 
2010-02-12,1157.10 
2010-02-16,1154.90 
2010-02-17,1152.90 
2010-02-18,1142.70 
2010-02-19,1147.50 
2010-02-22,1157.80 
2010-02-23,1149.30 
2010-02-24,1148.50 
2010-02-25,1156.10 
2010-02-26,1158.40 
2010-03-02,1160.20 
2010-03-03,1152.70 
2010-03-04,1146.60 
2010-03-05,1143.80 
2010-03-08,1141.90 
2010-03-09,1133.70 
2010-03-10,1134.50 
2010-03-11,1132.70 
2010-03-12,1131.00 
2010-03-15,1131.10 
2010-03-16,1133.90 
2010-03-17,1133.70 
2010-03-18,1129.50 
2010-03-19,1131.30 
2010-03-22,1132.90 
2010-03-23,1136.50 
2010-03-24,1134.30 
2010-03-25,1135.50 
2010-03-26,1141.20 
2010-03-29,1141.70 
2010-03-30,1138.60 
2010-03-31,1130.80 
2010-04-01,1132.50 
2010-04-02,1128.30 
2010-04-05,1124.30 
2010-04-06,1125.10 
2010-04-07,1123.10 
2010-04-08,1121.80 
2010-04-09,1123.20 
2010-04-12,1118.80 
2010-04-13,1113.00 
2010-04-14,1120.10 
2010-04-15,1115.70 
2010-04-16,1108.70 
2010-04-19,1113.20 
2010-04-20,1117.00 
2010-04-21,1115.80 
2010-04-22,1110.10 
2010-04-23,1110.50 
2010-04-26,1110.00 
2010-04-27,1104.00 
2010-04-28,1106.80 
2010-04-29,1118.90 
2010-04-30,1115.50 
2010-05-03,1108.50 
2010-05-04,1115.80 
2010-05-06,1114.60 
2010-05-07,1137.10 
2010-05-10,1158.70 
2010-05-11,1133.80 
2010-05-12,1130.10 
2010-05-13,1138.10 
2010-05-14,1131.00 
2010-05-17,1133.10 
2010-05-18,1149.90 
2010-05-19,1150.20 
2010-05-20,1165.10 
2010-05-24,1178.60 
2010-05-25,1212.00 
2010-05-26,1255.10 
2010-05-27,1252.90 
2010-05-28,1234.20 
2010-05-31,1200.20 
2010-06-01,1201.60 
2010-06-03,1208.90 
2010-06-04,1204.70 
2010-06-07,1201.10 
2010-06-08,1234.80 
2010-06-09,1233.50 
2010-06-10,1242.20 
2010-06-11,1261.50 
2010-06-14,1240.90 
2010-06-15,1225.00 
2010-06-16,1223.90 
2010-06-17,1211.00 
2010-06-18,1215.90 
2010-06-21,1205.90 
2010-06-22,1176.70 
2010-06-23,1182.60 
2010-06-24,1188.20 
2010-06-25,1185.20 
2010-06-28,1204.70 
2010-06-29,1200.40 
2010-06-30,1210.30 
2010-07-01,1230.10 
2010-07-02,1231.20 
2010-07-05,1221.20 
2010-07-06,1223.60 
2010-07-07,1228.60 
2010-07-08,1221.80 
2010-07-09,1211.20 
2010-07-12,1198.80 
2010-07-13,1197.50 
2010-07-14,1204.60 
2010-07-15,1199.20 
2010-07-16,1204.70 
2010-07-19,1201.10 
2010-07-20,1215.90 
2010-07-21,1211.80 
2010-07-22,1203.60 
2010-07-23,1206.90 
2010-07-26,1197.20 
2010-07-27,1194.40 
2010-07-28,1183.60 
2010-07-29,1186.50 
2010-07-30,1187.20 
2010-08-02,1185.00 
2010-08-03,1173.40 
2010-08-04,1168.70 
2010-08-05,1169.50 
2010-08-06,1168.20 
2010-08-09,1165.70 
2010-08-10,1159.10 
2010-08-11,1167.20 
2010-08-12,1177.30 
2010-08-13,1193.60 
2010-08-16,1186.70 
2010-08-17,1193.20 
2010-08-18,1178.70 
2010-08-19,1173.90 
2010-08-20,1173.30 
2010-08-23,1179.90 
2010-08-24,1181.80 
2010-08-25,1189.00 
2010-08-26,1195.40 
2010-08-27,1194.40 
2010-08-30,1195.20 
2010-08-31,1189.10 
2010-09-01,1196.80 
2010-09-02,1190.60 
2010-09-03,1181.00 
2010-09-06,1177.80 
2010-09-07,1171.20 
2010-09-08,1176.40 
2010-09-09,1176.20 
2010-09-10,1169.10 
2010-09-13,1166.40 
2010-09-14,1161.40 
2010-09-15,1161.40 
2010-09-16,1160.80 
2010-09-17,1163.20 
2010-09-20,1163.10 
2010-09-24,1162.10 
2010-09-27,1156.40 
2010-09-28,1148.80 
2010-09-29,1148.50 
2010-09-30,1142.00 
2010-10-01,1141.30 
2010-10-04,1134.40 
2010-10-05,1124.10 
2010-10-06,1130.70 
2010-10-07,1120.10 
2010-10-08,1117.40 
2010-10-11,1119.70 
2010-10-12,1115.40 
2010-10-13,1127.00 
2010-10-14,1119.50 
2010-10-15,1112.80 
2010-10-18,1114.70 
2010-10-19,1117.20 
2010-10-20,1123.60 
2010-10-21,1131.30 
2010-10-22,1126.20 
2010-10-25,1129.50 
2010-10-26,1117.20 
2010-10-27,1117.70 
2010-10-28,1126.00 
2010-10-29,1126.60 
2010-11-01,1124.20 
2010-11-02,1117.40 
2010-11-03,1114.90 
2010-11-04,1110.30 
2010-11-05,1107.00 
2010-11-08,1106.10 
2010-11-09,1113.10 
2010-11-10,1115.80 
2010-11-11,1114.30 
2010-11-12,1107.50 
2010-11-15,1119.50 
2010-11-16,1129.20 
2010-11-17,1129.20 
2010-11-18,1138.50 
2010-11-19,1138.90 
2010-11-22,1131.70 
2010-11-23,1126.50 
2010-11-24,1134.20 
2010-11-25,1148.90 
2010-11-26,1144.40 
2010-11-29,1147.60 
2010-11-30,1157.30 
2010-12-01,1154.50 
2010-12-02,1154.20 
2010-12-03,1149.30 
2010-12-06,1143.50 
2010-12-07,1133.60 
2010-12-08,1134.20 
2010-12-09,1140.70 
2010-12-10,1138.40 
2010-12-13,1141.60 
2010-12-14,1143.50 
2010-12-15,1141.40 
2010-12-16,1151.20 
2010-12-17,1156.50 
2010-12-20,1150.80 
2010-12-21,1164.90 
2010-12-22,1153.30 
2010-12-23,1155.50 
2010-12-24,1151.50 
2010-12-27,1152.00 
2010-12-28,1150.60 
2010-12-29,1147.50 
2010-12-30,1146.10 
2010-12-31,1138.90 
2011-01-03,1138.90 
2011-01-04,1127.50 
2011-01-05,1122.30 
2011-01-06,1125.00 
2011-01-07,1123.10 
2011-01-10,1122.10 
2011-01-11,1120.60 
2011-01-12,1126.20 
2011-01-13,1120.00 
2011-01-14,1112.20 
2011-01-17,1114.70 
2011-01-18,1114.70 
2011-01-19,1116.80 
2011-01-20,1112.50 
2011-01-21,1118.20 
2011-01-24,1122.00 
2011-01-25,1120.30 
2011-01-26,1117.60 
2011-01-27,1118.20 
2011-01-28,1114.30 
2011-01-31,1114.30 
2011-02-01,1122.70 
2011-02-07,1116.70 
2011-02-08,1107.00 
2011-02-09,1104.40 
2011-02-10,1104.80 
2011-02-11,1112.90 
2011-02-14,1120.70 
2011-02-15,1123.90 
2011-02-16,1122.50 
2011-02-17,1120.70 
2011-02-18,1116.20 
2011-02-21,1113.00 
2011-02-22,1116.40 
2011-02-23,1125.90 
2011-02-24,1125.80 
2011-02-25,1126.90 
2011-02-28,1127.90 
2011-03-02,1128.80 
2011-03-03,1128.40 
2011-03-04,1122.60 
2011-03-07,1116.20 
2011-03-08,1117.90 
2011-03-09,1117.40 
2011-03-10,1115.20 
2011-03-11,1118.40 
2011-03-14,1124.50 
2011-03-15,1129.80 
2011-03-16,1131.30 
2011-03-17,1132.80 
2011-03-18,1137.60 
2011-03-21,1128.30 
2011-03-22,1125.90 
2011-03-23,1121.70 
2011-03-24,1123.70 
2011-03-25,1122.80 
2011-03-28,1114.50 
2011-03-29,1114.20 
2011-03-30,1114.60 
2011-03-31,1107.20 
2011-04-01,1100.10 
2011-04-04,1094.60 
2011-04-05,1086.90 
2011-04-06,1089.70 
2011-04-07,1085.50 
2011-04-08,1088.00 
2011-04-11,1085.40 
2011-04-12,1084.40 
2011-04-13,1091.70 
2011-04-14,1092.50 
2011-04-15,1089.40 
2011-04-18,1087.90 
2011-04-19,1089.90 
2011-04-20,1092.80 
2011-04-21,1083.70 
2011-04-22,1080.10 
2011-04-25,1081.80 
2011-04-26,1081.50 
2011-04-27,1085.50 
2011-04-28,1079.90 
2011-04-29,1072.30 
2011-05-02,1073.30 
2011-05-03,1066.80 
2011-05-04,1070.20 
2011-05-06,1074.60 
2011-05-09,1085.00 
2011-05-11,1079.90 
2011-05-12,1074.90 
2011-05-13,1082.70 
2011-05-16,1088.90 
2011-05-17,1092.80 
2011-05-18,1091.40 
2011-05-19,1086.70 
2011-05-20,1084.70 
2011-05-23,1082.70 
2011-05-24,1091.70 
2011-05-25,1094.80 
2011-05-26,1096.30 
2011-05-27,1090.50 
2011-05-30,1082.20 
2011-05-31,1080.60 
2011-06-01,1076.90 
2011-06-02,1076.40 
2011-06-03,1080.40 
2011-06-07,1077.50 
2011-06-08,1080.60 
2011-06-09,1081.50 
2011-06-10,1083.10 
2011-06-13,1081.20 
2011-06-14,1085.90 
2011-06-15,1083.50 
2011-06-16,1082.50 
2011-06-17,1088.90 
2011-06-20,1087.20 
2011-06-21,1083.20 
2011-06-22,1081.70 
2011-06-23,1075.00 
2011-06-24,1076.70 
2011-06-27,1077.90 
2011-06-28,1086.70 
2011-06-29,1081.80 
2011-06-30,1078.10 
2011-07-01,1070.10 
2011-07-04,1066.40 
2011-07-05,1063.80 
2011-07-06,1065.60 
2011-07-07,1064.90 
2011-07-08,1064.30 
2011-07-11,1058.40 
2011-07-12,1059.70 
2011-07-13,1066.20 
2011-07-14,1063.20 
2011-07-15,1056.70 
2011-07-18,1057.30 
2011-07-19,1061.20 
2011-07-20,1059.70 
2011-07-21,1055.30 
2011-07-22,1055.30 
2011-07-25,1051.20 
2011-07-26,1054.50 
2011-07-27,1052.90 
2011-07-28,1050.20 
2011-07-29,1052.60 
2011-08-01,1053.10 
2011-08-02,1049.50 
2011-08-03,1051.30 
2011-08-04,1058.60 
2011-08-05,1058.50 
2011-08-08,1069.40 
2011-08-09,1073.50 
2011-08-10,1092.20 
2011-08-11,1080.40 
2011-08-12,1085.70 
2011-08-16,1078.70 
2011-08-17,1070.00 
2011-08-18,1072.70 
2011-08-19,1072.30 
2011-08-22,1082.90 
2011-08-23,1083.40 
2011-08-24,1081.00 
2011-08-25,1079.00 
2011-08-26,1085.30 
2011-08-29,1084.50 
2011-08-30,1076.00 
2011-08-31,1071.70 
2011-09-01,1070.40 
2011-09-02,1063.00 
2011-09-05,1062.70 
2011-09-06,1068.30 
2011-09-07,1071.80 
2011-09-08,1071.70 
2011-09-09,1072.80 
2011-09-14,1076.00 
2011-09-15,1100.40 
2011-09-16,1108.10 
2011-09-19,1106.90 
2011-09-20,1122.30 
2011-09-21,1150.60 
2011-09-22,1147.20 
2011-09-23,1177.50 
2011-09-26,1186.00 
2011-09-27,1184.60 
2011-09-28,1179.70 
2011-09-29,1172.70 
2011-09-30,1179.50 
2011-10-04,1178.10 
2011-10-05,1199.50 
2011-10-06,1192.40 
2011-10-07,1186.60 
2011-10-10,1179.90 
2011-10-11,1173.00 
2011-10-12,1164.20 
2011-10-13,1172.40 
2011-10-14,1158.00 
2011-10-17,1160.30 
2011-10-18,1145.70 
2011-10-19,1147.10 
2011-10-20,1137.70 
2011-10-21,1139.50 
2011-10-24,1149.50 
2011-10-25,1137.70 
2011-10-26,1127.90 
2011-10-27,1130.40 
2011-10-28,1124.50 
2011-10-31,1104.50 
2011-11-01,1105.20 
2011-11-02,1113.90 
2011-11-03,1126.20 
2011-11-04,1131.50 
2011-11-07,1112.60 
2011-11-08,1115.00 
2011-11-09,1116.30 
2011-11-10,1115.70 
2011-11-11,1134.30 
2011-11-14,1127.30 
2011-11-15,1120.60 
2011-11-16,1126.20 
2011-11-17,1134.50 
2011-11-18,1137.60 
2011-11-21,1136.40 
2011-11-22,1139.60 
2011-11-23,1146.60 
2011-11-24,1149.20 
2011-11-25,1157.10 
2011-11-28,1159.90 
2011-11-29,1154.90 
2011-11-30,1150.30 
2011-12-01,1140.60 
2011-12-02,1127.20 
2011-12-05,1127.70 
2011-12-06,1130.30 
2011-12-07,1131.20 
2011-12-08,1126.80 
2011-12-09,1130.90 
2011-12-12,1142.30 
2011-12-13,1145.00 
2011-12-14,1155.40 
2011-12-15,1158.50 
2011-12-16,1161.40 
2011-12-19,1156.50 
2011-12-20,1169.50 
2011-12-21,1167.10 
2011-12-22,1150.90 
2011-12-23,1156.20 
2011-12-26,1149.40 
2011-12-27,1150.00 
2011-12-28,1156.40 
2011-12-29,1157.40 
2011-12-30,1153.30 
2012-01-02,1153.30 
2012-01-03,1155.50 
2012-01-04,1150.90 
2012-01-05,1147.40 
2012-01-06,1150.30 
2012-01-09,1158.40 
2012-01-10,1164.30 
2012-01-11,1156.20 
2012-01-12,1159.40 
2012-01-13,1158.80 
2012-01-16,1150.60 
2012-01-17,1154.00 
2012-01-18,1147.00 
2012-01-19,1143.10 
2012-01-20,1136.40 
2012-01-25,1134.70 
2012-01-26,1126.30 
2012-01-27,1121.60 
2012-01-30,1123.80 
2012-01-31,1125.00 
2012-02-01,1125.80 
2012-02-02,1126.40 
2012-02-03,1118.50 
2012-02-06,1118.90 
2012-02-07,1119.90 
2012-02-08,1121.50 
2012-02-09,1116.70 
2012-02-10,1118.10 
2012-02-13,1121.20 
2012-02-14,1123.20 
2012-02-15,1123.60 
2012-02-16,1123.10 
2012-02-17,1127.80 
2012-02-20,1124.40 
2012-02-21,1122.70 
2012-02-22,1124.30 
2012-02-23,1126.30 
2012-02-24,1128.30 
2012-02-27,1124.70 
2012-02-28,1128.40 
2012-02-29,1126.50 
2012-03-02,1120.10 
2012-03-05,1114.50 
2012-03-06,1118.40 
2012-03-07,1120.30 
2012-03-08,1126.40 
2012-03-09,1119.80 
2012-03-12,1116.10 
2012-03-13,1122.10 
2012-03-14,1121.50 
2012-03-15,1123.80 
2012-03-16,1129.10 
2012-03-19,1124.40 
2012-03-20,1123.00 
2012-03-21,1123.10 
2012-03-22,1127.40 
2012-03-23,1130.30 
2012-03-26,1133.80 
2012-03-27,1138.10 
2012-03-28,1136.80 
2012-03-29,1137.20 
2012-03-30,1137.80 
2012-04-02,1134.20 
2012-04-03,1128.10 
2012-04-04,1123.40 
2012-04-05,1127.80 
2012-04-06,1129.50 
2012-04-09,1130.70 
2012-04-10,1137.60 
2012-04-12,1137.90 
2012-04-13,1142.30 
2012-04-16,1134.10 
2012-04-17,1137.70 
2012-04-18,1138.90 
2012-04-19,1136.60 
2012-04-20,1140.50 
2012-04-23,1140.20 
2012-04-24,1138.90 
2012-04-25,1141.20 
2012-04-26,1139.40 
2012-04-27,1137.80 
2012-04-30,1134.20 
2012-05-02,1131.60 
2012-05-03,1126.90 
2012-05-04,1130.00 
2012-05-07,1131.50 
2012-05-08,1138.90 
2012-05-09,1135.70 
2012-05-10,1140.00 
2012-05-11,1142.50 
2012-05-14,1145.20 
2012-05-15,1148.70 
2012-05-16,1154.10 
2012-05-17,1161.90 
2012-05-18,1163.20 
2012-05-21,1173.10 
2012-05-22,1166.70 
2012-05-23,1163.90 
2012-05-24,1171.70 
2012-05-25,1177.20 
2012-05-29,1180.40 
2012-05-30,1178.60 
2012-05-31,1177.80 
2012-06-01,1181.60 
2012-06-04,1180.30 
2012-06-05,1181.80 
2012-06-07,1178.40 
2012-06-08,1170.70 
2012-06-11,1173.00 
2012-06-12,1167.00 
2012-06-13,1170.50 
2012-06-14,1167.80 
2012-06-15,1166.80 
2012-06-18,1164.00 
2012-06-19,1158.40 
2012-06-20,1158.20 
2012-06-21,1152.70 
2012-06-22,1150.10 
2012-06-25,1157.20 
2012-06-26,1160.80 
2012-06-27,1159.90 
2012-06-28,1157.10 
2012-06-29,1153.80 
2012-07-02,1151.90 
2012-07-03,1143.70 
2012-07-04,1141.60 
2012-07-05,1135.30 
2012-07-06,1136.50 
2012-07-09,1138.40 
2012-07-10,1142.40 
2012-07-11,1143.10 
2012-07-12,1144.10 
2012-07-13,1145.80 
2012-07-16,1151.40 
2012-07-17,1147.60 
2012-07-18,1143.50 
2012-07-19,1140.20 
2012-07-20,1138.60 
2012-07-23,1140.70 
2012-07-24,1146.90 
2012-07-25,1148.10 
2012-07-26,1150.90 
2012-07-27,1147.20 
2012-07-30,1139.90 
2012-07-31,1136.20 
2012-08-01,1133.20 
2012-08-02,1127.60 
2012-08-03,1130.40 
2012-08-06,1135.60 
2012-08-07,1126.50 
2012-08-08,1127.30 
2012-08-09,1128.00 
2012-08-10,1126.20 
2012-08-13,1128.10 
2012-08-14,1131.20 
2012-08-16,1129.30 
2012-08-17,1133.10 
2012-08-20,1133.30 
2012-08-21,1135.50 
2012-08-22,1132.50 
2012-08-23,1133.50 
2012-08-24,1130.80 
2012-08-27,1133.70 
2012-08-28,1135.60 
2012-08-29,1137.20 
2012-08-30,1134.00 
2012-08-31,1134.60 
2012-09-03,1134.40 
2012-09-04,1131.80 
2012-09-05,1131.80 
2012-09-06,1135.00 
2012-09-07,1134.60 
2012-09-10,1130.50 
2012-09-11,1128.60 
2012-09-12,1129.30 
2012-09-13,1126.20 
2012-09-14,1127.80 
2012-09-17,1120.40 
2012-09-18,1115.00 
2012-09-19,1117.70 
2012-09-20,1117.10 
2012-09-21,1118.20 
2012-09-24,1119.40 
2012-09-25,1119.80 
2012-09-26,1118.60 
2012-09-27,1120.70 
2012-09-28,1118.60 
2012-10-02,1112.90 
2012-10-04,1112.70 
2012-10-05,1113.30 
2012-10-08,1110.60 
2012-10-09,1111.30 
2012-10-10,1110.60 
2012-10-11,1114.30 
2012-10-12,1115.40 
2012-10-15,1111.10 
2012-10-16,1112.10 
2012-10-17,1107.10 
2012-10-18,1105.00 
2012-10-19,1104.80 
2012-10-22,1105.30 
2012-10-23,1105.10 
2012-10-24,1102.30 
2012-10-25,1103.70 
2012-10-26,1101.40 
2012-10-29,1096.50 
2012-10-30,1095.90 
2012-10-31,1094.10 
2012-11-01,1090.60 
2012-11-02,1090.90 
2012-11-05,1091.20 
2012-11-06,1091.70 
2012-11-07,1091.50 
2012-11-08,1087.10 
2012-11-09,1088.20 
2012-11-12,1089.60 
2012-11-13,1088.40 
2012-11-14,1090.30 
2012-11-15,1087.30 
2012-11-16,1086.70 
2012-11-19,1089.30 
2012-11-20,1086.90 
2012-11-21,1083.00 
2012-11-22,1083.20 
2012-11-23,1084.10 
2012-11-26,1086.30 
2012-11-27,1084.90 
2012-11-28,1084.10 
2012-11-29,1085.40 
2012-11-30,1084.70 
2012-12-03,1083.20 
2012-12-04,1083.50 
2012-12-05,1083.70 
2012-12-06,1082.50 
2012-12-07,1082.70 
2012-12-10,1082.60 
2012-12-11,1079.40 
2012-12-12,1077.30 
2012-12-13,1075.70 
2012-12-14,1072.30 
2012-12-17,1073.90 
2012-12-18,1072.90 
2012-12-20,1071.80 
2012-12-21,1073.40 
2012-12-24,1075.40 
2012-12-26,1074.80 
2012-12-27,1073.80 
2012-12-28,1072.50 
2012-12-31,1071.10 
2013-01-02,1071.10 
2013-01-03,1064.70 
2013-01-04,1063.80 
2013-01-07,1064.10 
2013-01-08,1063.40 
2013-01-09,1063.20 
2013-01-10,1062.10 
2013-01-11,1061.00 
2013-01-14,1056.50 
2013-01-15,1056.10 
2013-01-16,1055.40 
2013-01-17,1058.90 
2013-01-18,1058.20 
2013-01-21,1056.10 
2013-01-22,1060.00 
2013-01-23,1064.40 
2013-01-24,1065.40 
2013-01-25,1068.40 
2013-01-28,1071.80 
2013-01-29,1082.50 
2013-01-30,1088.00 
2013-01-31,1082.70 
2013-02-01,1088.90 
2013-02-04,1092.90 
2013-02-05,1089.00 
2013-02-06,1086.80 
2013-02-07,1088.80 
2013-02-08,1089.30 
2013-02-12,1093.80 
2013-02-13,1094.20 
2013-02-14,1086.40 
2013-02-15,1084.70 
2013-02-18,1079.00 
2013-02-19,1082.60 
2013-02-20,1081.40 
2013-02-21,1077.80 
2013-02-22,1084.10 
2013-02-25,1086.40 
2013-02-26,1087.40 
2013-02-27,1088.00 
2013-02-28,1085.40 
2013-03-04,1081.90 
2013-03-05,1091.40 
2013-03-06,1087.00 
2013-03-07,1083.60 
2013-03-08,1086.40 
2013-03-11,1090.30 
2013-03-12,1098.30 
2013-03-13,1095.00 
2013-03-14,1097.50 
2013-03-15,1105.00 
2013-03-18,1109.90 
2013-03-19,1114.80 
2013-03-20,1110.20 
2013-03-21,1117.50 
2013-03-22,1116.20 
2013-03-25,1117.20 
2013-03-26,1112.50 
2013-03-27,1107.90 
2013-03-28,1109.20 
2013-03-29,1112.10 
2013-04-01,1112.50 
2013-04-02,1115.50 
2013-04-03,1112.80 
2013-04-04,1120.60 
2013-04-05,1123.80 
2013-04-08,1127.10 
2013-04-09,1138.30 
2013-04-10,1138.90 
2013-04-11,1138.30 
2013-04-12,1129.00 
2013-04-15,1131.10 
2013-04-16,1124.70 
2013-04-17,1119.60 
2013-04-18,1115.30 
2013-04-19,1122.00 
2013-04-22,1118.50 
2013-04-23,1121.70 
2013-04-24,1120.20 
2013-04-25,1119.20 
2013-04-26,1113.90 
2013-04-29,1109.20 
2013-04-30,1108.10 
2013-05-02,1102.20 
2013-05-03,1099.70 
2013-05-06,1099.90 
2013-05-07,1094.00 
2013-05-08,1094.00 
2013-05-09,1087.70 
2013-05-10,1087.00 
2013-05-13,1102.60 
2013-05-14,1114.60 
2013-05-15,1109.40 
2013-05-16,1113.60 
2013-05-20,1114.30 
2013-05-21,1118.10 
2013-05-22,1112.90 
2013-05-23,1112.40 
2013-05-24,1123.70 
2013-05-27,1128.00 
2013-05-28,1125.10 
2013-05-29,1125.50 
2013-05-30,1131.00 
2013-05-31,1128.30 
2013-06-03,1126.60 
2013-06-04,1128.10 
2013-06-05,1121.80 
2013-06-07,1119.20 
2013-06-10,1111.40 
2013-06-11,1123.60 
2013-06-12,1133.70 
2013-06-13,1131.20 
2013-06-14,1134.80 
2013-06-17,1128.20 
2013-06-18,1128.00 
2013-06-19,1129.90 
2013-06-20,1133.00 
2013-06-21,1144.60 
2013-06-24,1155.60 
2013-06-25,1157.10 
2013-06-26,1159.10 
2013-06-27,1153.40 
2013-06-28,1149.70 
2013-07-01,1145.30 
2013-07-02,1136.90 
2013-07-03,1132.90 
2013-07-04,1140.60 
2013-07-05,1140.20 
2013-07-08,1141.70 
2013-07-09,1151.40 
2013-07-10,1144.70 
2013-07-11,1138.80 
2013-07-12,1124.90 
2013-07-15,1122.30 
2013-07-16,1122.60 
2013-07-17,1119.00 
2013-07-18,1118.10 
2013-07-19,1122.30 
2013-07-22,1123.50 
2013-07-23,1118.50 
2013-07-24,1116.50 
2013-07-25,1114.10 
2013-07-26,1117.30 
2013-07-29,1111.70 
2013-07-30,1109.40 
2013-07-31,1113.60 
2013-08-01,1119.60 
2013-08-02,1121.40 
2013-08-05,1125.40 
2013-08-06,1116.30 
2013-08-07,1114.20 
2013-08-08,1117.30 
2013-08-09,1113.60 
2013-08-12,1111.80 
2013-08-13,1113.00 
2013-08-14,1116.50 
2013-08-16,1119.50 
2013-08-19,1115.00 
2013-08-20,1113.70 
2013-08-21,1121.90 
2013-08-22,1118.10 
2013-08-23,1124.30 
2013-08-26,1118.20 
2013-08-27,1113.00 
2013-08-28,1115.80 
2013-08-29,1117.00 
2013-08-30,1110.90 
2013-09-02,1109.60 
2013-09-03,1104.10 
2013-09-04,1095.90 
2013-09-05,1099.80 
2013-09-06,1093.80 
2013-09-09,1095.40 
2013-09-10,1088.20 
2013-09-11,1084.90 
2013-09-12,1087.10 
2013-09-13,1083.20 
2013-09-16,1085.30 
2013-09-17,1082.20 
2013-09-23,1085.20 
2013-09-24,1075.90 
2013-09-25,1074.90 
2013-09-26,1076.80 
2013-09-27,1074.40 
2013-09-30,1075.60 
2013-10-01,1075.20 
2013-10-02,1074.50 
2013-10-04,1074.60 
2013-10-07,1071.60 
2013-10-08,1070.50 
2013-10-10,1073.60 
2013-10-11,1075.70 
2013-10-14,1070.50 
2013-10-15,1072.30 
2013-10-16,1067.90 
2013-10-17,1067.10 
2013-10-18,1064.40 
2013-10-21,1061.40 
2013-10-22,1062.00 
2013-10-23,1061.70 
2013-10-24,1056.50 
2013-10-25,1057.20 
2013-10-28,1062.30 
2013-10-29,1061.40 
2013-10-30,1060.90 
2013-10-31,1061.40 
2013-11-01,1059.90 
2013-11-04,1062.60 
2013-11-05,1062.10 
2013-11-06,1062.00 
2013-11-07,1062.00 
2013-11-08,1060.70 
2013-11-11,1063.50 
2013-11-12,1068.50 
2013-11-13,1070.90 
2013-11-14,1072.90 
2013-11-15,1067.30 
2013-11-18,1066.70 
2013-11-19,1060.70 
2013-11-20,1055.80 
2013-11-21,1056.30 
2013-11-22,1061.90 
2013-11-25,1061.60 
2013-11-26,1060.60 
2013-11-27,1060.30 
2013-11-28,1060.90 
2013-11-29,1062.10 
2013-12-02,1058.90 
2013-12-03,1057.70 
2013-12-04,1061.30 
2013-12-05,1061.20 
2013-12-06,1060.70 
2013-12-09,1058.20 
2013-12-10,1053.10 
2013-12-11,1052.50 
2013-12-12,1051.90 
2013-12-13,1053.50 
2013-12-16,1053.10 
2013-12-17,1052.60 
2013-12-18,1051.50 
2013-12-19,1052.10 
2013-12-20,1058.10 
2013-12-23,1061.90 
2013-12-24,1061.00 
2013-12-26,1060.40 
2013-12-27,1059.40 
2013-12-30,1055.60 
2013-12-31,1055.30 
2014-01-02,1055.30 
2014-01-03,1050.40 
2014-01-06,1054.10 
2014-01-07,1062.20 
2014-01-08,1067.90 
2014-01-09,1066.00 
2014-01-10,1064.80 
2014-01-13,1062.80 
2014-01-14,1056.50 
2014-01-15,1058.40 
2014-01-16,1062.50 
2014-01-17,1064.20 
2014-01-20,1061.00 
2014-01-21,1063.90 
2014-01-22,1064.20 
2014-01-23,1068.40 
2014-01-24,1071.90 
2014-01-27,1077.20 
2014-01-28,1084.10 
2014-01-29,1079.20 
2014-02-03,1071.10 
2014-02-04,1082.20 
2014-02-05,1086.10 
2014-02-06,1079.50 
2014-02-07,1076.40 
2014-02-10,1075.10 
2014-02-11,1071.90 
2014-02-12,1072.00 
2014-02-13,1064.70 
2014-02-14,1063.90 
2014-02-17,1061.90 
2014-02-18,1060.50 
2014-02-19,1064.10 
2014-02-20,1067.10 
2014-02-21,1071.90 
2014-02-24,1073.10 
2014-02-25,1076.30 
2014-02-26,1070.60 
2014-02-27,1069.90 
2014-02-28,1067.70 
2014-03-03,1066.20 
2014-03-04,1071.90 
2014-03-05,1072.00 
2014-03-06,1070.60 
2014-03-07,1067.40 
2014-03-10,1062.60 
2014-03-11,1065.90 
2014-03-12,1064.80 
2014-03-13,1069.20 
2014-03-14,1067.40 
2014-03-17,1072.00 
2014-03-18,1069.90 
2014-03-19,1067.90 
2014-03-20,1070.70 
2014-03-21,1075.30 
2014-03-24,1080.30 
2014-03-25,1079.70 
2014-03-26,1078.20 
2014-03-27,1075.00 
2014-03-28,1072.80 
2014-03-31,1068.80 
2014-04-01,1066.10 
2014-04-02,1060.50 
2014-04-03,1057.00 
2014-04-04,1058.10 
2014-04-07,1056.10 
2014-04-08,1053.40 
2014-04-09,1053.60 
2014-04-10,1043.20 
2014-04-11,1036.00 
2014-04-14,1037.50 
2014-04-15,1038.90 
2014-04-16,1041.20 
2014-04-17,1041.30 
2014-04-18,1037.10 
2014-04-21,1037.20 
2014-04-22,1037.90 
2014-04-23,1039.60 
2014-04-24,1039.50 
2014-04-25,1038.30 
2014-04-28,1038.90 
2014-04-29,1037.10 
2014-04-30,1031.70 
2014-05-02,1032.20 
2014-05-07,1031.20 
2014-05-08,1025.60 
2014-05-09,1023.50 
2014-05-12,1023.00 
2014-05-13,1025.00 
2014-05-14,1022.90 
2014-05-15,1024.60 
2014-05-16,1026.50 
2014-05-19,1025.80 
2014-05-20,1022.70 
2014-05-21,1024.10 
2014-05-22,1026.70 
2014-05-23,1025.20 
2014-05-26,1024.30 
2014-05-27,1023.90 
2014-05-28,1023.40 
2014-05-29,1022.60 
2014-05-30,1021.60 
2014-06-02,1020.40 
2014-06-03,1023.60 
2014-06-05,1024.30 
2014-06-09,1022.60 
2014-06-10,1017.40 
2014-06-11,1016.50 
2014-06-12,1016.50 
2014-06-13,1017.50 
2014-06-16,1018.00 
2014-06-17,1019.50 
2014-06-18,1022.10 
2014-06-19,1023.10 
2014-06-20,1018.30 
2014-06-23,1019.60 
2014-06-24,1018.40 
2014-06-25,1018.00 
2014-06-26,1020.60 
2014-06-27,1017.00 
2014-06-30,1014.40 
2014-07-01,1012.10 
2014-07-02,1011.80 
2014-07-03,1009.80 
2014-07-04,1009.60 
2014-07-07,1008.90 
2014-07-08,1009.90 
2014-07-09,1011.20 
2014-07-10,1012.20 
2014-07-11,1011.90 
2014-07-14,1018.00 
2014-07-15,1018.50 
2014-07-16,1023.70 
2014-07-17,1032.70 
2014-07-18,1029.60 
2014-07-21,1031.90 
2014-07-22,1027.50 
2014-07-23,1024.60 
2014-07-24,1022.80 
2014-07-25,1028.00 
2014-07-28,1029.40 
2014-07-29,1025.20 
2014-07-30,1024.70 
2014-07-31,1024.30 
2014-08-01,1026.20 
2014-08-04,1033.70 
2014-08-05,1031.70 
2014-08-06,1030.80 
2014-08-07,1034.30 
2014-08-08,1034.40 
2014-08-11,1037.40 
2014-08-12,1030.60 
2014-08-13,1028.30 
2014-08-14,1028.10 
2014-08-18,1024.90 
2014-08-19,1017.70 
2014-08-20,1018.00 
2014-08-21,1020.90 
2014-08-22,1023.90 
2014-08-25,1019.50 
2014-08-26,1020.60 
2014-08-27,1018.00 
2014-08-28,1014.60 
2014-08-29,1013.60 
2014-09-01,1014.90 
2014-09-02,1014.30 
2014-09-03,1015.60 
2014-09-04,1018.90 
2014-09-05,1018.00 
2014-09-11,1024.60 
2014-09-12,1034.40 
2014-09-15,1038.00 
2014-09-16,1038.90 
2014-09-17,1035.20 
2014-09-18,1033.90 
2014-09-19,1041.50 
2014-09-22,1044.90 
2014-09-23,1040.70 
2014-09-24,1042.10 
2014-09-25,1039.80 
2014-09-26,1042.60 
2014-09-29,1042.70 
2014-09-30,1050.60 
2014-10-01,1054.70 
2014-10-02,1062.10 
2014-10-06,1061.10 
2014-10-07,1069.70 
2014-10-08,1066.50 
2014-10-10,1072.30 
2014-10-13,1071.00 
2014-10-14,1069.10 
2014-10-15,1063.50 
2014-10-16,1065.80 
2014-10-17,1059.90 
2014-10-20,1062.70 
2014-10-21,1060.40 
2014-10-22,1054.50 
2014-10-23,1053.70 
2014-10-24,1055.40 
2014-10-27,1059.30 
2014-10-28,1052.60 
2014-10-29,1050.60 
2014-10-30,1047.00 
2014-10-31,1054.00 
2014-11-03,1058.80 
2014-11-04,1075.10 
2014-11-05,1079.90 
2014-11-06,1078.70 
2014-11-07,1089.10 
2014-11-10,1092.50 
2014-11-11,1085.20 
2014-11-12,1089.90 
2014-11-13,1098.50 
2014-11-14,1097.50 
2014-11-17,1099.60 
2014-11-18,1097.00 
2014-11-19,1098.90 
2014-11-20,1104.20 
2014-11-21,1113.10 
2014-11-24,1110.90 
2014-11-25,1112.20 
2014-11-26,1112.80 
2014-11-27,1107.00 
2014-11-28,1101.10 
2014-12-01,1105.00 
2014-12-02,1116.20 
2014-12-03,1106.80 
2014-12-04,1114.40 
2014-12-05,1115.80 
2014-12-08,1113.20 
2014-12-09,1118.30 
2014-12-10,1112.00 
2014-12-11,1104.50 
2014-12-12,1098.10 
2014-12-15,1103.90 
2014-12-16,1103.00 
2014-12-17,1092.40 
2014-12-18,1088.10 
2014-12-19,1103.20 
2014-12-22,1101.30 
2014-12-23,1097.30 
2014-12-24,1100.50 
2014-12-26,1104.30 
2014-12-29,1099.50 
2014-12-30,1098.20 
2014-12-31,1099.20 
2015-01-02,1099.20 
2015-01-05,1102.60 
2015-01-06,1108.70 
2015-01-07,1103.90 
2015-01-08,1099.70 
2015-01-09,1098.50 
2015-01-12,1092.20 
2015-01-13,1083.00 
2015-01-14,1081.50 
2015-01-15,1079.90 
2015-01-16,1084.10 
2015-01-19,1077.30 
2015-01-20,1079.80 
2015-01-21,1084.40 
2015-01-22,1086.80 
2015-01-23,1085.30 
2015-01-26,1084.10 
2015-01-27,1079.30 
2015-01-28,1082.10 
2015-01-29,1082.90 
2015-01-30,1090.80 
2015-02-02,1095.90 
2015-02-03,1101.20 
2015-02-04,1098.30 
2015-02-05,1089.20 
2015-02-06,1089.20 
2015-02-09,1088.30 
2015-02-10,1097.00 
2015-02-11,1090.80 
2015-02-12,1096.90 
2015-02-13,1107.50 
2015-02-16,1098.40 
2015-02-17,1098.70 
2015-02-23,1101.30 
2015-02-24,1109.80 
2015-02-25,1108.60 
2015-02-26,1102.50 
2015-02-27,1099.20 
2015-03-02,1099.50 
2015-03-03,1102.50 
2015-03-04,1100.00 
2015-03-05,1096.50 
2015-03-06,1100.10 
2015-03-09,1099.50 
2015-03-10,1110.30 
2015-03-11,1119.50 
2015-03-12,1126.60 
2015-03-13,1130.90 
2015-03-16,1125.60 
2015-03-17,1133.90 
2015-03-18,1130.10 
2015-03-19,1126.60 
2015-03-20,1114.00 
2015-03-23,1121.70 
2015-03-24,1115.90 
2015-03-25,1107.10 
2015-03-26,1102.70 
2015-03-27,1104.20 
2015-03-30,1104.30 
2015-03-31,1105.00 
2015-04-01,1109.40 
2015-04-02,1103.80 
2015-04-03,1098.00 
2015-04-06,1094.60 
2015-04-07,1086.00 
2015-04-08,1089.70 
2015-04-09,1093.40 
2015-04-10,1093.90 
2015-04-13,1094.60 
2015-04-14,1096.60 
2015-04-15,1096.80 
2015-04-16,1096.00 
2015-04-17,1089.00 
2015-04-20,1085.10 
2015-04-21,1082.70 
2015-04-22,1083.50 
2015-04-23,1081.80 
2015-04-24,1083.20 
2015-04-27,1079.00 
2015-04-28,1074.50 
2015-04-29,1070.90 
2015-04-30,1068.10 
2015-05-04,1069.50 
2015-05-06,1080.50 
2015-05-07,1081.00 
2015-05-08,1086.60 
2015-05-11,1091.30 
2015-05-12,1089.90 
2015-05-13,1096.20 
2015-05-14,1094.90 
2015-05-15,1093.60 
2015-05-18,1089.20 
2015-05-19,1085.50 
2015-05-20,1090.90 
2015-05-21,1095.20 
2015-05-22,1094.40 
2015-05-26,1090.80 
2015-05-27,1098.40 
2015-05-28,1107.00 
2015-05-29,1108.00 
2015-06-01,1107.60 
2015-06-02,1111.60 
2015-06-03,1114.50 
2015-06-04,1106.00 
2015-06-05,1109.90 
2015-06-08,1112.10 
2015-06-09,1121.50 
2015-06-10,1119.30 
2015-06-11,1117.30 
2015-06-12,1110.40 
2015-06-15,1111.90 
2015-06-16,1116.20 
2015-06-17,1117.30 
2015-06-18,1117.60 
2015-06-19,1109.90 
2015-06-22,1104.00 
2015-06-23,1099.90 
2015-06-24,1104.10 
2015-06-25,1108.40 
2015-06-26,1109.60 
2015-06-29,1115.10 
2015-06-30,1124.10 
2015-07-01,1118.30 
2015-07-02,1118.50 
2015-07-03,1123.20 
2015-07-06,1120.10 
2015-07-07,1126.30 
2015-07-08,1129.60 
2015-07-09,1135.70 
2015-07-10,1136.20 
2015-07-13,1130.00 
2015-07-14,1131.50 
2015-07-15,1139.40 
2015-07-16,1141.50 
2015-07-17,1148.40 
2015-07-20,1146.30 
2015-07-21,1151.90 
2015-07-22,1158.40 
2015-07-23,1152.60 
2015-07-24,1162.30 
2015-07-27,1164.60 
2015-07-28,1168.90 
2015-07-29,1166.20 
2015-07-30,1157.90 
2015-07-31,1166.30 
2015-08-03,1169.40 
2015-08-04,1165.20 
2015-08-05,1169.30 
2015-08-06,1172.10 
2015-08-07,1170.20 
2015-08-10,1164.30 
2015-08-11,1165.30 
2015-08-12,1170.40 
2015-08-13,1190.30 
2015-08-17,1174.20 
2015-08-18,1182.20 
2015-08-19,1184.70 
2015-08-20,1185.10 
2015-08-21,1185.10 
2015-08-24,1192.00 
2015-08-25,1198.10 
2015-08-26,1194.60 
2015-08-27,1188.90 
2015-08-28,1184.30 
2015-08-31,1176.30 
2015-09-01,1183.00 
2015-09-02,1175.60 
2015-09-03,1178.00 
2015-09-04,1187.60 
2015-09-07,1191.00 
2015-09-08,1202.00 
2015-09-09,1203.10 
2015-09-10,1192.00 
2015-09-11,1195.80 
2015-09-14,1183.80 
2015-09-15,1181.00 
2015-09-16,1182.40 
2015-09-17,1179.40 
2015-09-18,1169.70 
2015-09-21,1166.70 
2015-09-22,1173.00 
2015-09-23,1177.20 
2015-09-24,1187.50 
2015-09-25,1191.80 
2015-09-30,1194.50 
2015-10-01,1190.40 
2015-10-02,1179.00 
2015-10-05,1180.50 
2015-10-06,1172.10 
2015-10-07,1164.80 
2015-10-08,1165.20 
2015-10-12,1159.40 
2015-10-13,1147.40 
2015-10-14,1147.50 
2015-10-15,1150.10 
2015-10-16,1133.70 
2015-10-19,1128.90 
2015-10-20,1125.30 
2015-10-21,1130.10 
2015-10-22,1131.30 
2015-10-23,1138.20 
2015-10-26,1127.40 
2015-10-27,1134.10 
2015-10-28,1131.20 
2015-10-29,1132.90 
2015-10-30,1142.30 
2015-11-02,1138.60 
2015-11-03,1140.10 
2015-11-04,1133.40 
2015-11-05,1129.50 
2015-11-06,1137.10 
2015-11-09,1138.60 
2015-11-10,1154.10 
2015-11-11,1158.20 
2015-11-12,1154.80 
2015-11-13,1154.50 
2015-11-16,1161.30 
2015-11-17,1172.70 
2015-11-18,1169.20 
2015-11-19,1173.40 
2015-11-20,1164.20 
2015-11-23,1156.90 
2015-11-24,1157.90 
2015-11-25,1155.60 
2015-11-26,1145.10 
2015-11-27,1145.70 
2015-11-30,1150.40 
2015-12-01,1157.70 
2015-12-02,1158.10 
2015-12-03,1159.30 
2015-12-04,1167.40 
2015-12-07,1156.80 
2015-12-08,1166.40 
2015-12-09,1176.00 
2015-12-10,1178.20 
2015-12-11,1177.50 
2015-12-14,1179.70 
2015-12-15,1186.10 
2015-12-16,1182.90 
2015-12-17,1178.20 
2015-12-18,1178.90 
2015-12-21,1184.30 
2015-12-22,1178.20 
2015-12-23,1176.10 
2015-12-24,1171.70 
2015-12-28,1171.00 
2015-12-29,1165.00 
2015-12-30,1167.70 
2015-12-31,1172.00 
2016-01-04,1172.00 
2016-01-05,1184.30 
2016-01-06,1187.70 
2016-01-07,1193.90 
2016-01-08,1199.70 
2016-01-11,1196.20 
2016-01-12,1208.60 
2016-01-13,1208.50 
2016-01-14,1206.40 
2016-01-15,1212.70 
2016-01-18,1211.00 
2016-01-19,1212.50 
2016-01-20,1209.90 
2016-01-21,1211.60 
2016-01-22,1209.90 
2016-01-25,1203.20 
2016-01-26,1194.40 
2016-01-27,1201.40 
2016-01-28,1201.00 
2016-01-29,1208.40 
2016-02-01,1206.20 
2016-02-02,1204.50 
2016-02-03,1203.10 
2016-02-04,1216.70 
2016-02-05,1202.70 
2016-02-11,1195.10 
2016-02-12,1197.00 
2016-02-15,1206.50 
2016-02-16,1209.90 
2016-02-17,1216.60 
2016-02-18,1224.80 
2016-02-19,1225.70 
2016-02-22,1233.90 
2016-02-23,1233.20 
2016-02-24,1230.10 
2016-02-25,1234.80 
2016-02-26,1236.10 
2016-02-29,1235.40 
2016-03-02,1240.90 
2016-03-03,1232.70 
2016-03-04,1218.90 
2016-03-07,1208.50 
2016-03-08,1200.70 
2016-03-09,1205.20 
2016-03-10,1214.50 
2016-03-11,1208.80 
2016-03-14,1200.10 
2016-03-15,1186.50 
2016-03-16,1189.20 
2016-03-17,1192.70 
2016-03-18,1174.50 
2016-03-21,1161.30 
2016-03-22,1165.30 
2016-03-23,1159.50 
2016-03-24,1158.80 
2016-03-25,1167.10 
2016-03-28,1169.40 
2016-03-29,1169.60 
2016-03-30,1163.00 
2016-03-31,1153.50 
2016-04-01,1144.50 
2016-04-04,1148.90 
2016-04-05,1147.80 
2016-04-06,1155.00 
2016-04-07,1155.90 
2016-04-08,1154.50 
2016-04-11,1156.50 
2016-04-12,1149.20 
2016-04-14,1144.70 
2016-04-15,1153.40 
2016-04-18,1150.70 
2016-04-19,1151.10 
2016-04-20,1140.50 
2016-04-21,1132.30 
2016-04-22,1134.90 
2016-04-25,1141.10 
2016-04-26,1149.70 
2016-04-27,1149.70 
2016-04-28,1145.90 
2016-04-29,1143.90 
2016-05-02,1138.10 
2016-05-03,1140.80 
2016-05-04,1137.10 
2016-05-09,1153.50 
2016-05-10,1164.70 
2016-05-11,1174.00 
2016-05-12,1168.10 
2016-05-13,1164.10 
2016-05-16,1169.40 
2016-05-17,1178.60 
2016-05-18,1173.30 
2016-05-19,1180.90 
2016-05-20,1190.80 
2016-05-23,1188.40 
2016-05-24,1183.10 
2016-05-25,1188.60 
2016-05-26,1185.80 
2016-05-27,1181.00 
2016-05-30,1179.30 
2016-05-31,1190.60 
2016-06-01,1190.50 
2016-06-02,1192.20 
2016-06-03,1189.60 
2016-06-07,1186.50 
2016-06-08,1163.20 
2016-06-09,1156.50 
2016-06-10,1155.80 
2016-06-13,1163.10 
2016-06-14,1172.80 
2016-06-15,1172.50 
2016-06-16,1176.30 
2016-06-17,1170.10 
2016-06-20,1170.80 
2016-06-21,1163.20 
2016-06-22,1158.20 
2016-06-23,1155.70 
2016-06-24,1151.20 
2016-06-27,1168.50 
2016-06-28,1183.30 
2016-06-29,1175.90 
2016-06-30,1164.70 
2016-07-01,1152.60 
2016-07-04,1147.50 
2016-07-05,1148.10 
2016-07-06,1153.00 
2016-07-07,1165.80 
2016-07-08,1156.60 
2016-07-11,1159.20 
2016-07-12,1147.80 
2016-07-13,1149.30 
2016-07-14,1145.70 
2016-07-15,1141.80 
2016-07-18,1132.70 
2016-07-19,1136.30 
2016-07-20,1138.40 
2016-07-21,1140.80 
2016-07-22,1140.20 
2016-07-25,1135.00 
2016-07-26,1136.90 
2016-07-27,1138.40 
2016-07-28,1134.10 
2016-07-29,1125.70 
2016-08-01,1122.40 
2016-08-02,1111.00 
2016-08-03,1108.90 
2016-08-04,1114.00 
2016-08-05,1113.80 
2016-08-08,1111.30 
2016-08-09,1112.70 
2016-08-10,1107.20 
2016-08-11,1096.10 
2016-08-12,1098.60 
2016-08-16,1101.10 
2016-08-17,1095.00 
2016-08-18,1102.30 
2016-08-19,1106.40 
2016-08-22,1115.20 
2016-08-23,1125.30 
2016-08-24,1117.40 
2016-08-25,1121.60 
2016-08-26,1119.00 
2016-08-29,1113.90 
2016-08-30,1125.20 
2016-08-31,1118.50 
2016-09-01,1117.40 
2016-09-02,1119.30 
2016-09-05,1117.60 
2016-09-06,1108.20 
2016-09-07,1105.00 
2016-09-08,1093.20 
2016-09-09,1093.20 
2016-09-12,1099.50 
2016-09-13,1110.60 
2016-09-19,1112.30 
2016-09-20,1120.00 
2016-09-21,1119.50 
2016-09-22,1116.80 
2016-09-23,1103.10 
2016-09-26,1104.20 
2016-09-27,1106.90 
2016-09-28,1103.50 
2016-09-29,1095.70 
2016-09-30,1096.30 
2016-10-04,1102.00 
2016-10-05,1105.10 
2016-10-06,1113.80 
2016-10-07,1111.30 
2016-10-10,1115.70 
2016-10-11,1111.00 
2016-10-12,1117.20 
2016-10-13,1123.30 
2016-10-14,1130.50 
2016-10-17,1132.90 
2016-10-18,1140.30 
2016-10-19,1132.30 
2016-10-20,1122.80 
2016-10-21,1124.00 
2016-10-24,1134.50 
2016-10-25,1134.50 
2016-10-26,1136.50 
2016-10-27,1132.40 
2016-10-28,1140.20 
2016-10-31,1145.20 
2016-11-01,1144.60 
2016-11-02,1141.80 
2016-11-03,1148.70 
2016-11-04,1140.60 
2016-11-07,1143.40 
2016-11-08,1141.60 
2016-11-09,1137.50 
2016-11-10,1145.80 
2016-11-11,1151.00 
2016-11-14,1164.40 
2016-11-15,1169.80 
2016-11-16,1168.80 
2016-11-17,1167.20 
2016-11-18,1174.40 
2016-11-21,1182.30 
2016-11-22,1183.60 
2016-11-23,1175.50 
2016-11-24,1174.90 
2016-11-25,1182.40 
2016-11-28,1178.90 
2016-11-29,1170.30 
2016-11-30,1168.50 
2016-12-01,1168.00 
2016-12-02,1172.60 
2016-12-05,1170.50 
2016-12-06,1173.80 
2016-12-07,1169.50 
2016-12-08,1169.40 
2016-12-09,1159.10 
2016-12-12,1166.20 
2016-12-13,1170.20 
2016-12-14,1165.50 
2016-12-15,1168.30 
2016-12-16,1180.10 
2016-12-19,1183.40 
2016-12-20,1186.40 
2016-12-21,1191.20 
2016-12-22,1194.20 
2016-12-23,1198.00 
2016-12-26,1202.90 
2016-12-27,1199.40 
2016-12-28,1205.30 
2016-12-29,1207.60 
2016-12-30,1208.50 
2017-01-02,1208.50 
2017-01-03,1207.80 
2017-01-04,1206.20 
2017-01-05,1206.70 
2017-01-06,1191.60 
2017-01-09,1189.10 
2017-01-10,1205.50 
2017-01-11,1198.70 
2017-01-12,1196.40 
2017-01-13,1182.80 
2017-01-16,1177.70 
2017-01-17,1180.50 
2017-01-18,1180.90 
2017-01-19,1165.60 
2017-01-20,1177.10 
2017-01-23,1172.50 
2017-01-24,1166.70 
2017-01-25,1163.60 
2017-01-26,1166.20 
2017-01-31,1157.80 
2017-02-01,1165.50 
2017-02-02,1155.20 
2017-02-03,1149.20 
2017-02-06,1146.80 
2017-02-07,1137.70 
2017-02-08,1142.10 
2017-02-09,1145.40 
2017-02-10,1145.70 
2017-02-13,1151.40 
2017-02-14,1151.90 
2017-02-15,1144.50 
2017-02-16,1141.60 
2017-02-17,1138.90 
2017-02-20,1145.30 
2017-02-21,1147.60 
2017-02-22,1146.80 
2017-02-23,1140.90 
2017-02-24,1138.80 
2017-02-27,1131.00 
2017-02-28,1132.10 
2017-03-02,1132.30 
2017-03-03,1142.00 
2017-03-06,1152.70 
2017-03-07,1156.10 
2017-03-08,1151.20 
2017-03-09,1146.60 
2017-03-10,1156.10 
2017-03-13,1158.20 
2017-03-14,1147.70 
2017-03-15,1147.30 
2017-03-16,1146.30 
2017-03-17,1131.70 
2017-03-20,1131.40 
2017-03-21,1124.50 
2017-03-22,1117.50 
2017-03-23,1123.80 
2017-03-24,1120.00 
2017-03-27,1122.70 
2017-03-28,1114.20 
2017-03-29,1112.50 
2017-03-30,1114.00 
2017-03-31,1116.10 
2017-04-03,1119.30 
2017-04-04,1113.80 
2017-04-05,1118.90 
2017-04-06,1124.00 
2017-04-07,1131.00 
2017-04-10,1134.60 
2017-04-11,1141.60 
2017-04-12,1145.80 
2017-04-13,1145.20 
2017-04-14,1131.90 
2017-04-17,1138.80 
2017-04-18,1136.50 
2017-04-19,1137.90 
2017-04-20,1139.80 
2017-04-21,1141.40 
2017-04-24,1136.60 
2017-04-25,1131.70 
2017-04-26,1130.50 
2017-04-27,1125.10 
2017-04-28,1130.10 
2017-05-02,1133.40 
2017-05-04,1130.70 
2017-05-08,1132.10 
2017-05-10,1132.40 
2017-05-11,1134.50 
2017-05-12,1130.40 
2017-05-15,1126.80 
2017-05-16,1125.40 
2017-05-17,1117.70 
2017-05-18,1118.40 
2017-05-19,1125.20 
2017-05-22,1127.50 
2017-05-23,1117.10 
2017-05-24,1120.60 
2017-05-25,1126.60 
2017-05-26,1118.00 
2017-05-29,1119.50 
2017-05-30,1120.10 
2017-05-31,1123.90 
2017-06-01,1121.80 
2017-06-02,1120.40 
2017-06-05,1120.90 
2017-06-07,1118.40 
2017-06-08,1122.00 
2017-06-09,1125.00 
2017-06-12,1121.60 
2017-06-13,1126.00 
2017-06-14,1128.90 
2017-06-15,1125.60 
2017-06-16,1122.80 
2017-06-19,1133.00 
2017-06-20,1131.40 
2017-06-21,1137.00 
2017-06-22,1142.20 
2017-06-23,1140.80 
2017-06-26,1140.10 
2017-06-27,1135.20 
2017-06-28,1136.40 
2017-06-29,1141.70 
2017-06-30,1139.60 
2017-07-03,1144.00 
2017-07-04,1145.00 
2017-07-05,1149.30 
2017-07-06,1149.30 
2017-07-07,1153.50 
2017-07-10,1155.80 
2017-07-11,1149.90 
2017-07-12,1150.10 
2017-07-13,1145.60 
2017-07-14,1137.50 
2017-07-17,1136.00 
2017-07-18,1128.20 
2017-07-19,1126.30 
2017-07-20,1121.80 
2017-07-21,1124.90 
2017-07-24,1121.20 
2017-07-25,1116.10 
2017-07-26,1116.10 
2017-07-27,1120.30 
2017-07-28,1112.50 
2017-07-31,1119.10 
2017-08-01,1121.90 
2017-08-02,1118.00 
2017-08-03,1123.20 
2017-08-04,1127.60 
2017-08-07,1125.40 
2017-08-08,1127.30 
2017-08-09,1125.40 
2017-08-10,1134.70 
2017-08-11,1141.10 
2017-08-14,1146.30 
2017-08-16,1138.20 
2017-08-17,1139.60 
2017-08-18,1135.90 
2017-08-21,1142.00 
2017-08-22,1138.30 
2017-08-23,1135.60 
2017-08-24,1130.90 
2017-08-25,1127.30 
2017-08-28,1129.20 
2017-08-29,1120.40 
2017-08-30,1126.20 
2017-08-31,1122.80 
2017-09-01,1125.80 
2017-09-04,1122.70 
2017-09-05,1131.50 
2017-09-06,1131.30 
2017-09-07,1133.70 
2017-09-08,1129.60 
2017-09-11,1126.80 
2017-09-12,1129.50 
2017-09-13,1129.80 
2017-09-14,1127.50 
2017-09-15,1132.50 
2017-09-18,1133.50 
2017-09-19,1127.90 
2017-09-20,1130.00 
2017-09-21,1129.10 
2017-09-22,1132.80 
2017-09-25,1136.30 
2017-09-26,1130.70 
2017-09-27,1136.30 
2017-09-28,1139.40 
2017-09-29,1146.70 
2017-10-10,1145.70 
2017-10-11,1138.20 
2017-10-12,1135.20 
2017-10-13,1133.70 
2017-10-16,1130.80 
2017-10-17,1127.30 
2017-10-18,1131.40 
2017-10-19,1130.40 
2017-10-20,1132.30 
2017-10-23,1131.90 
2017-10-24,1131.90 
2017-10-25,1128.30 
2017-10-26,1128.30 
2017-10-27,1124.70 
2017-10-30,1130.00 
2017-10-31,1125.00 
2017-11-01,1121.20 
2017-11-02,1116.80 
2017-11-03,1113.30 
2017-11-06,1112.70 
2017-11-07,1116.70 
2017-11-08,1111.60 
2017-11-09,1114.30 
2017-11-10,1114.30 
2017-11-13,1117.20 
2017-11-14,1120.70 
2017-11-15,1118.50 
2017-11-16,1114.40 
2017-11-17,1104.10 
2017-11-20,1096.10 
2017-11-21,1098.90 
2017-11-22,1097.30 
2017-11-23,1091.30 
2017-11-24,1088.20 
2017-11-27,1085.00 
2017-11-28,1087.60 
2017-11-29,1088.30 
2017-11-30,1082.40 
2017-12-01,1085.10 
2017-12-04,1087.10 
2017-12-05,1088.30 
2017-12-06,1084.30 
2017-12-07,1091.90 
2017-12-08,1092.70 
2017-12-11,1093.40 
2017-12-12,1092.40 
2017-12-13,1090.10 
2017-12-14,1091.90 
2017-12-15,1086.70 
2017-12-18,1089.30 
2017-12-19,1089.10 
2017-12-20,1086.80 
2017-12-21,1082.90 
2017-12-22,1080.60 
2017-12-26,1079.20 
2017-12-27,1077.10 
2017-12-28,1075.20 
2017-12-29,1071.40 
2018-01-02,1071.40 
2018-01-03,1064.30 
2018-01-04,1065.40 
2018-01-05,1065.50 
2018-01-08,1062.10 
2018-01-09,1065.20 
2018-01-10,1067.10 
2018-01-11,1070.70 
2018-01-12,1071.20 
2018-01-15,1064.70 
2018-01-16,1061.30 
2018-01-17,1064.00 
2018-01-18,1065.80 
2018-01-19,1069.40 
2018-01-22,1067.30 
2018-01-23,1068.90 
2018-01-24,1069.70 
2018-01-25,1070.60 
2018-01-26,1061.70 
2018-01-29,1064.80 
2018-01-30,1064.80 
2018-01-31,1071.50 
2018-02-01,1071.00 
2018-02-02,1071.10 
2018-02-05,1076.70 
2018-02-06,1089.80 
2018-02-07,1094.30 
2018-02-08,1083.30 
2018-02-09,1087.80 
2018-02-12,1092.70 
2018-02-13,1083.40 
2018-02-14,1082.80 
2018-02-19,1079.90 
2018-02-20,1068.00 
2018-02-21,1070.30 
2018-02-22,1075.30 
2018-02-23,1082.90 
2018-02-26,1078.50 
2018-02-27,1073.70 
2018-02-28,1071.00 
2018-03-02,1081.90 
2018-03-05,1081.30 
2018-03-06,1080.50 
2018-03-07,1075.40 
2018-03-08,1068.70 
2018-03-09,1068.40 
2018-03-12,1069.20 
2018-03-13,1064.30 
2018-03-14,1065.80 
2018-03-15,1065.80 
2018-03-16,1065.80 
2018-03-19,1069.60 
2018-03-20,1071.20 
2018-03-21,1071.00 
2018-03-22,1071.40 
2018-03-23,1069.20 
2018-03-26,1080.80 
2018-03-27,1081.20 
2018-03-28,1072.20 
2018-03-29,1069.40 
2018-03-30,1066.50 
2018-04-02,1064.40 
2018-04-03,1058.10 
2018-04-04,1057.80 
2018-04-05,1057.60 
2018-04-06,1059.50 
2018-04-09,1066.00 
2018-04-10,1067.50 
2018-04-11,1067.70 
2018-04-12,1066.40 
2018-04-13,1068.70 
2018-04-16,1070.00 
2018-04-17,1073.10 
2018-04-18,1068.40 
2018-04-19,1066.50 
2018-04-20,1063.50 
2018-04-23,1067.30 
2018-04-24,1068.90 
2018-04-25,1076.90 
2018-04-26,1078.70 
2018-04-27,1079.70 
2018-04-30,1076.20 
2018-05-02,1067.50 
2018-05-03,1074.90 
2018-05-04,1076.50 
2018-05-08,1076.70 
2018-05-09,1078.20 
2018-05-10,1081.30 
2018-05-11,1075.30 
2018-05-14,1068.60 
2018-05-15,1066.60 
2018-05-16,1072.60 
2018-05-17,1078.70 
2018-05-18,1079.30 
2018-05-21,1080.00 
2018-05-23,1083.80 
2018-05-24,1078.80 
2018-05-25,1079.70 
2018-05-28,1078.70 
2018-05-29,1073.20 
2018-05-30,1076.10 
2018-05-31,1081.30 
2018-06-01,1076.40 
2018-06-04,1076.00 
2018-06-05,1070.90 
2018-06-07,1069.60 
2018-06-08,1067.90 
2018-06-11,1073.20 
2018-06-12,1073.50 
2018-06-14,1075.10 
2018-06-15,1082.50 
2018-06-18,1091.40 
2018-06-19,1104.40 
2018-06-20,1105.50 
2018-06-21,1108.00 
2018-06-22,1109.00 
2018-06-25,1108.90 
2018-06-26,1116.10 
2018-06-27,1115.20 
2018-06-28,1117.90 
2018-06-29,1121.70 
2018-07-02,1117.20 
2018-07-03,1117.40 
2018-07-04,1121.10 
2018-07-05,1115.30 
2018-07-06,1118.40 
2018-07-09,1117.80 
2018-07-10,1112.30 
2018-07-11,1113.80 
2018-07-12,1120.80 
2018-07-13,1127.80 
2018-07-16,1123.40 
2018-07-17,1128.70 
2018-07-18,1125.20 
2018-07-19,1128.90 
2018-07-20,1131.20 
2018-07-23,1134.80 
2018-07-24,1128.50 
2018-07-25,1135.20 
2018-07-26,1127.50 
2018-07-27,1119.60 
2018-07-30,1120.00 
2018-07-31,1116.70 
2018-08-01,1117.90 
2018-08-02,1119.30 
2018-08-03,1122.60 
2018-08-06,1128.10 
2018-08-07,1123.50 
2018-08-08,1125.70 
2018-08-09,1118.80 
2018-08-10,1117.90 
2018-08-13,1126.30 
2018-08-14,1133.70 
2018-08-16,1132.10 
2018-08-17,1130.70 
2018-08-20,1125.60 
2018-08-21,1121.70 
2018-08-22,1118.20 
2018-08-23,1118.70 
2018-08-24,1120.80 
2018-08-27,1121.80 
2018-08-28,1114.30 
2018-08-29,1110.00 
2018-08-30,1108.80 
2018-08-31,1108.80 
2018-09-03,1113.30 
2018-09-04,1113.50 
2018-09-05,1114.20 
2018-09-06,1117.60 
2018-09-07,1121.20 
2018-09-10,1123.10 
2018-09-11,1128.10 
2018-09-12,1126.80 
2018-09-13,1127.30 
2018-09-14,1121.20 
2018-09-17,1119.20 
2018-09-18,1126.20 
2018-09-19,1126.30 
2018-09-20,1123.00 
2018-09-21,1119.90 
2018-09-27,1116.60 
2018-09-28,1112.70 
2018-10-01,1110.20 
2018-10-02,1110.90 
2018-10-04,1116.40 
2018-10-05,1128.30 
2018-10-08,1130.70 
2018-10-10,1131.70 
2018-10-11,1132.50 
2018-10-12,1142.50 
2018-10-15,1133.30 
2018-10-16,1133.40 
2018-10-17,1128.10 
2018-10-18,1125.00 
2018-10-19,1132.60 
2018-10-22,1134.30 
2018-10-23,1130.90 
2018-10-24,1135.80 
2018-10-25,1132.20 
2018-10-26,1138.50 
2018-10-29,1140.60 
2018-10-30,1138.60 
2018-10-31,1140.60 
2018-11-01,1139.20 
2018-11-02,1138.80 
2018-11-05,1125.50 
2018-11-06,1122.70 
2018-11-07,1122.50 
2018-11-08,1120.90 
2018-11-09,1118.40 
2018-11-12,1125.70 
2018-11-13,1132.00 
2018-11-14,1135.70 
2018-11-15,1132.40 
2018-11-16,1130.30 
2018-11-19,1128.70 
2018-11-20,1127.40 
2018-11-21,1127.50 
2018-11-22,1131.30 
2018-11-23,1129.00 
2018-11-26,1130.50 
2018-11-27,1129.90 
2018-11-28,1129.70 
2018-11-29,1128.90 
2018-11-30,1121.80 
2018-12-03,1120.30 
2018-12-04,1113.70 
2018-12-05,1109.80 
2018-12-06,1113.60 
2018-12-07,1117.80 
2018-12-10,1118.20 
2018-12-11,1124.70 
2018-12-12,1129.40 
2018-12-13,1127.60 
2018-12-14,1124.00 
2018-12-17,1129.20 
2018-12-18,1131.60 
2018-12-19,1129.90 
2018-12-20,1125.10 
2018-12-21,1128.90 
2018-12-24,1123.90 
2018-12-26,1125.20 
2018-12-27,1125.60 
2018-12-28,1121.30 
2018-12-31,1118.10 
2019-01-02,1118.10 
2019-01-03,1119.00 
2019-01-04,1127.50 
2019-01-07,1125.20 
2019-01-08,1118.00 
2019-01-09,1121.70 
2019-01-10,1121.60 
2019-01-11,1118.90 
2019-01-14,1117.60 
2019-01-15,1121.40 
2019-01-16,1120.10 
2019-01-17,1122.00 
2019-01-18,1121.40 
2019-01-21,1121.30 
2019-01-22,1126.50 
2019-01-23,1130.20 
2019-01-24,1128.20 
2019-01-25,1128.00 
2019-01-28,1125.10 
2019-01-29,1116.90 
2019-01-30,1118.10 
2019-01-31,1117.20 
2019-02-01,1111.60 
2019-02-07,1116.80 
2019-02-08,1123.40 
2019-02-11,1124.50 
2019-02-12,1124.50 
2019-02-13,1124.60 
2019-02-14,1121.70 
2019-02-15,1125.00 
2019-02-18,1127.70 
2019-02-19,1124.70 
2019-02-20,1127.50 
2019-02-21,1122.60 
2019-02-22,1124.40 
2019-02-25,1125.70 
2019-02-26,1120.80 
2019-02-27,1118.30 
2019-02-28,1117.80 
2019-03-04,1119.90 
2019-03-05,1125.00 
2019-03-06,1125.80 
2019-03-07,1127.80 
2019-03-08,1128.30 
2019-03-11,1134.00 
2019-03-12,1134.50 
2019-03-13,1128.70 
2019-03-14,1131.50 
2019-03-15,1132.70 
2019-03-18,1136.10 
2019-03-19,1133.70 
2019-03-20,1130.90 
2019-03-21,1130.40 
2019-03-22,1125.80 
2019-03-25,1129.80 
2019-03-26,1134.90 
2019-03-27,1132.10 
2019-03-28,1134.70 
2019-03-29,1137.80 
2019-04-01,1136.10 
2019-04-02,1132.70 
2019-04-03,1135.80 
2019-04-04,1134.90 
2019-04-05,1135.50 
2019-04-08,1136.40 
2019-04-09,1141.40 
2019-04-10,1142.80 
2019-04-11,1141.20 
2019-04-12,1139.20 
2019-04-15,1140.50 
2019-04-16,1133.90 
2019-04-17,1135.70 
2019-04-18,1136.10 
2019-04-19,1136.20 
2019-04-22,1137.10 
2019-04-23,1140.80 
2019-04-24,1141.10 
2019-04-25,1146.90 
2019-04-26,1158.70 
2019-04-29,1159.70 
2019-04-30,1158.20 
2019-05-02,1163.80 
2019-05-03,1163.90 
2019-05-07,1169.40 
2019-05-08,1169.80 
2019-05-09,1169.90 
2019-05-10,1175.80 
2019-05-13,1178.10 
2019-05-14,1183.10 
2019-05-15,1187.00 
2019-05-16,1189.40 
2019-05-17,1189.80 
2019-05-20,1192.70 
2019-05-21,1192.90 
2019-05-22,1193.30 
2019-05-23,1194.60 
2019-05-24,1191.20 
2019-05-27,1189.60 
2019-05-28,1184.10 
2019-05-29,1187.60 
2019-05-30,1193.10 
2019-05-31,1190.00 
2019-06-03,1191.20 
2019-06-04,1183.00 
2019-06-05,1181.50 
2019-06-07,1179.80 
2019-06-10,1179.50 
2019-06-11,1184.00 
2019-06-12,1181.70 
2019-06-13,1181.70 
2019-06-14,1184.70 
2019-06-17,1184.00 
2019-06-18,1186.30 
2019-06-19,1185.00 
2019-06-20,1177.00 
2019-06-21,1167.70 
2019-06-24,1162.00 
2019-06-25,1157.90 
2019-06-26,1154.70 
2019-06-27,1158.20 
2019-06-28,1156.80 
2019-07-01,1156.40 
2019-07-02,1155.40 
2019-07-03,1164.80 
2019-07-04,1170.40 
2019-07-05,1169.20 
2019-07-08,1170.40 
2019-07-09,1178.50 
2019-07-10,1179.90 
2019-07-11,1181.40 
2019-07-12,1173.80 
2019-07-15,1177.30 
2019-07-16,1179.20 
2019-07-17,1178.50 
2019-07-18,1180.40 
2019-07-19,1179.50 
2019-07-22,1173.40 
2019-07-23,1177.60 
2019-07-24,1178.40 
2019-07-25,1178.20 
2019-07-26,1179.80 
2019-07-29,1184.20 
2019-07-30,1183.40 
2019-07-31,1182.00 
2019-08-01,1181.90 
2019-08-02,1188.50 
2019-08-05,1194.80 
2019-08-06,1211.80 
2019-08-07,1214.30 
2019-08-08,1214.50 
2019-08-09,1211.30 
2019-08-12,1209.70 
2019-08-13,1215.60 
2019-08-14,1218.90 
2019-08-16,1211.70 
2019-08-19,1213.30 
2019-08-20,1210.70 
2019-08-21,1210.20 
2019-08-22,1204.00 
2019-08-23,1205.10 
2019-08-26,1212.20 
2019-08-27,1218.20 
2019-08-28,1213.10 
2019-08-29,1213.50 
2019-08-30,1215.20 
2019-09-02,1209.60 
2019-09-03,1211.90 
2019-09-04,1215.20 
2019-09-05,1209.70 
2019-09-06,1199.60 
2019-09-09,1196.90 
2019-09-10,1192.40 
2019-09-11,1191.90 
2019-09-16,1191.40 
2019-09-17,1184.00 
2019-09-18,1188.30 
2019-09-19,1190.50 
2019-09-20,1195.10 
2019-09-23,1191.10 
2019-09-24,1193.10 
2019-09-25,1194.00 
2019-09-26,1198.30 
2019-09-27,1199.10 
2019-09-30,1201.30 
2019-10-01,1199.20 
2019-10-02,1198.20 
2019-10-04,1203.70 
2019-10-07,1197.00 
2019-10-08,1196.50 
2019-10-10,1194.70 
2019-10-11,1196.10 
2019-10-14,1189.30 
2019-10-15,1183.70 
2019-10-16,1184.10 
2019-10-17,1187.00 
2019-10-18,1186.60 
2019-10-21,1180.50 
2019-10-22,1175.40 
2019-10-23,1171.40 
2019-10-24,1173.70 
2019-10-25,1171.00 
2019-10-28,1174.20 
2019-10-29,1169.60 
2019-10-30,1166.50 
2019-10-31,1168.40 
2019-11-01,1161.70 
2019-11-04,1167.60 
2019-11-05,1160.40 
2019-11-06,1160.10 
2019-11-07,1157.50 
2019-11-08,1160.60 
2019-11-11,1156.10 
2019-11-12,1161.30 
2019-11-13,1163.50 
2019-11-14,1167.60 
2019-11-15,1170.40 
2019-11-18,1166.30 
2019-11-19,1164.50 
2019-11-20,1168.60 
2019-11-21,1170.10 
2019-11-22,1176.50 
2019-11-25,1177.80 
2019-11-26,1176.20 
2019-11-27,1174.40 
2019-11-28,1176.00 
2019-11-29,1179.30 
2019-12-02,1180.30 
2019-12-03,1180.40 
2019-12-04,1186.20 
2019-12-05,1193.70 
2019-12-06,1190.20 
2019-12-09,1189.70 
2019-12-10,1189.30 
2019-12-11,1192.00 
2019-12-12,1193.30 
2019-12-13,1188.60 
2019-12-16,1171.70 
2019-12-17,1172.90 
2019-12-18,1166.70 
2019-12-19,1165.30 
2019-12-20,1164.50 
2019-12-23,1162.60 
2019-12-24,1161.70 
2019-12-26,1163.70 
2019-12-27,1161.20 
2019-12-30,1160.90 
2019-12-31,1157.80 
2020-01-02,1157.80 
2020-01-03,1156.90 
2020-01-06,1162.70 
2020-01-07,1169.60 
2020-01-08,1165.30 
2020-01-09,1174.10 
2020-01-10,1160.00 
2020-01-13,1161.10 
2020-01-14,1155.70 
2020-01-15,1153.10 
2020-01-16,1158.80 
2020-01-17,1159.60 
2020-01-20,1158.80 
2020-01-21,1158.80 
2020-01-22,1164.70 
2020-01-23,1165.10 
2020-01-28,1167.20 
2020-01-29,1176.70 
2020-01-30,1176.00 
2020-01-31,1183.50 
2020-02-03,1187.80 
2020-02-04,1196.00 
2020-02-05,1189.40 
2020-02-06,1188.50 
2020-02-07,1181.40 
2020-02-10,1187.20 
2020-02-11,1189.80 
2020-02-12,1184.10 
2020-02-13,1179.80 
2020-02-14,1181.50 
2020-02-17,1183.50 
2020-02-18,1182.20 
2020-02-19,1188.10 
2020-02-20,1190.80 
2020-02-21,1197.00 
2020-02-24,1205.60 
2020-02-25,1217.70 
2020-02-26,1212.70 
2020-02-27,1216.80 
2020-02-28,1215.90 
2020-03-02,1215.30 
2020-03-03,1200.30 
2020-03-04,1191.40 
2020-03-05,1186.40 
2020-03-06,1185.00 
2020-03-09,1191.40 
2020-03-10,1201.40 
2020-03-11,1196.70 
2020-03-12,1192.80 
2020-03-13,1202.00 
2020-03-16,1222.20 
2020-03-17,1219.60 
2020-03-18,1241.20 
2020-03-19,1237.80 
2020-03-20,1280.10 
2020-03-23,1254.10 
2020-03-24,1274.60 
2020-03-25,1256.00 
2020-03-26,1230.70 
2020-03-27,1227.90 
2020-03-30,1212.40 
2020-03-31,1222.60 
2020-04-01,1220.00 
2020-04-02,1222.20 
2020-04-03,1237.60 
2020-04-06,1229.80 
2020-04-07,1233.40 
2020-04-08,1222.40 
2020-04-09,1219.70 
2020-04-10,1216.40 
2020-04-13,1212.30 
2020-04-14,1218.70 
2020-04-16,1216.70 
2020-04-17,1227.50 
2020-04-20,1219.30 
2020-04-21,1218.70 
2020-04-22,1231.30 
2020-04-23,1235.20 
2020-04-24,1232.00 
2020-04-27,1235.80 
2020-04-28,1230.30 
2020-04-29,1225.20 
2020-05-04,1218.50 
2020-05-06,1227.80 
2020-05-07,1223.30 
2020-05-08,1226.50 
2020-05-11,1217.70 
2020-05-12,1217.80 
2020-05-13,1226.70 
2020-05-14,1226.30 
2020-05-15,1227.90 
2020-05-18,1229.30 
2020-05-19,1231.60 
2020-05-20,1224.50 
2020-05-21,1227.80 
2020-05-22,1230.70 
2020-05-25,1236.20 
2020-05-26,1242.00 
2020-05-27,1237.10 
2020-05-28,1233.70 
2020-05-29,1239.40 
2020-06-01,1237.60 
2020-06-02,1227.80 
2020-06-03,1224.10 
2020-06-04,1216.90 
2020-06-05,1217.40 
2020-06-08,1213.10 
2020-06-09,1204.20 
2020-06-10,1197.70 
2020-06-11,1194.40 
2020-06-12,1192.80 
2020-06-15,1206.60 
2020-06-16,1210.80 
2020-06-17,1206.60 
2020-06-18,1214.50 
2020-06-19,1213.00 
2020-06-22,1212.00 
2020-06-23,1213.20 
2020-06-24,1210.10 
2020-06-25,1202.90 
2020-06-26,1205.20 
2020-06-29,1198.60 
2020-06-30,1200.70 
2020-07-01,1198.50 
2020-07-02,1201.60 
2020-07-03,1201.00 
2020-07-06,1200.40 
2020-07-07,1196.80 
2020-07-08,1192.90 
2020-07-09,1195.80 
2020-07-10,1194.50 
2020-07-13,1202.40 
2020-07-14,1200.30 
2020-07-15,1206.40 
2020-07-16,1200.70 
2020-07-17,1204.10 
2020-07-20,1205.70 
2020-07-21,1203.70 
2020-07-22,1198.10 
2020-07-23,1193.70 
2020-07-24,1198.50 
2020-07-27,1201.30 
2020-07-28,1196.60 
2020-07-29,1195.10 
2020-07-30,1195.20 
2020-07-31,1191.40 
2020-08-03,1189.10 
2020-08-04,1193.70 
2020-08-05,1193.50 
2020-08-06,1190.30 
2020-08-07,1184.30 
2020-08-10,1185.90 
2020-08-11,1186.70 
2020-08-12,1184.90 
2020-08-13,1186.00 
2020-08-14,1183.60 
2020-08-18,1185.80 
2020-08-19,1185.10 
2020-08-20,1182.30 
2020-08-21,1186.30 
2020-08-24,1185.30 
2020-08-25,1190.00 
2020-08-26,1186.30 
2020-08-27,1187.00 
2020-08-28,1185.70 
2020-08-31,1185.10 
2020-09-01,1183.30 
2020-09-02,1184.60 
2020-09-03,1186.20 
2020-09-04,1187.50 
2020-09-07,1190.20 
2020-09-08,1187.20 
2020-09-09,1187.90 
2020-09-10,1189.60 
2020-09-11,1185.30 
2020-09-14,1188.30 
2020-09-15,1184.20 
2020-09-16,1180.50 
2020-09-17,1177.80 
2020-09-18,1175.40 
2020-09-21,1163.60 
2020-09-22,1160.60 
2020-09-23,1163.90 
2020-09-24,1164.40 
2020-09-25,1170.30 
2020-09-28,1170.50 
2020-09-29,1173.50 
2020-10-05,1169.50 
2020-10-06,1163.40 
2020-10-07,1160.00 
2020-10-08,1162.50 
2020-10-12,1156.20 
2020-10-13,1148.30 
2020-10-14,1149.50 
2020-10-15,1145.70 
2020-10-16,1144.60 
2020-10-19,1145.60 
2020-10-20,1142.20 
2020-10-21,1139.70 
2020-10-22,1133.70 
2020-10-23,1134.10 
2020-10-26,1134.60 
2020-10-27,1129.10 
2020-10-28,1127.60 
2020-10-29,1129.30 
2020-10-30,1133.40 
2020-11-02,1130.40 
2020-11-03,1134.70 
2020-11-04,1134.60 
2020-11-05,1136.50 
2020-11-06,1130.90 
2020-11-09,1124.40 
2020-11-10,1115.60 
2020-11-11,1115.90 
2020-11-12,1112.40 
2020-11-13,1113.20 
2020-11-16,1115.10 
2020-11-17,1108.00 
2020-11-18,1106.80 
2020-11-19,1105.90 
2020-11-20,1112.20 
2020-11-23,1114.20 
2020-11-24,1112.60 
2020-11-25,1111.20 
2020-11-26,1107.20 
2020-11-27,1105.80 
2020-11-30,1104.40 
2020-12-01,1104.90 
2020-12-02,1107.10 
2020-12-03,1103.30 
2020-12-04,1098.10 
2020-12-07,1086.60 
2020-12-08,1082.70 
2020-12-09,1084.40 
2020-12-10,1083.60 
2020-12-11,1086.20 
2020-12-14,1089.30 
2020-12-15,1090.80 
2020-12-16,1093.20 
2020-12-17,1092.20 
2020-12-18,1092.80 
2020-12-21,1097.90 
2020-12-22,1101.20 
2020-12-23,1106.60 
2020-12-24,1108.90 
2020-12-28,1103.70 
2020-12-29,1098.20 
2020-12-30,1093.20 
2020-12-31,1088.00 
2021-01-04,1088.00 
2021-01-05,1083.10 
2021-01-06,1086.10 
2021-01-07,1086.80 
2021-01-08,1087.70 
2021-01-11,1094.40 
2021-01-12,1097.80 
2021-01-13,1099.90 
2021-01-14,1095.00 
2021-01-15,1100.30 
2021-01-18,1097.90 
2021-01-19,1104.40 
2021-01-20,1102.10 
2021-01-21,1100.00 
2021-01-22,1099.20 
2021-01-25,1102.30 
2021-01-26,1103.20 
2021-01-27,1103.00 
2021-01-28,1104.00 
2021-01-29,1114.60 
2021-02-01,1117.20 
2021-02-02,1118.00 
2021-02-03,1116.60 
2021-02-04,1114.00 
2021-02-05,1116.70 
2021-02-08,1124.00 
2021-02-09,1119.10 
2021-02-10,1116.00 
2021-02-15,1110.10 
2021-02-16,1103.10 
2021-02-17,1099.70 
2021-02-18,1107.70 
2021-02-19,1105.70 
2021-02-22,1107.10 
2021-02-23,1106.50 
2021-02-24,1110.80 
2021-02-25,1110.20 
2021-02-26,1108.40 
2021-03-02,1121.80 
2021-03-03,1121.30 
2021-03-04,1122.90 
2021-03-05,1126.20 
2021-03-08,1129.40 
2021-03-09,1131.30 
2021-03-10,1141.10 
2021-03-11,1140.70 
2021-03-12,1137.30 
2021-03-15,1130.70 
2021-03-16,1135.90 
2021-03-17,1132.50 
2021-03-18,1131.80 
2021-03-19,1123.70 
2021-03-22,1131.80 
2021-03-23,1131.30 
2021-03-24,1128.00 
2021-03-25,1133.50 
2021-03-26,1134.20 
2021-03-29,1131.80 
2021-03-30,1131.70 
2021-03-31,1133.50 
2021-04-01,1132.60 
2021-04-02,1129.30 
2021-04-05,1127.50 
2021-04-06,1127.80 
2021-04-07,1122.90 
2021-04-08,1116.40 
2021-04-09,1118.50 
2021-04-12,1117.20 
2021-04-13,1124.30 
2021-04-14,1126.10 
2021-04-15,1119.90 
2021-04-16,1117.60 
2021-04-19,1117.90 
2021-04-20,1118.20 
2021-04-21,1113.40 
2021-04-22,1117.40 
2021-04-23,1116.30 
2021-04-26,1118.90 
2021-04-27,1114.00 
2021-04-28,1110.80 
2021-04-29,1112.50 
2021-04-30,1107.40 
2021-05-03,1109.60 
2021-05-04,1119.30 
2021-05-06,1121.10 
2021-05-07,1125.50 
2021-05-10,1121.40 
2021-05-11,1114.60 
2021-05-12,1119.10 
2021-05-13,1123.50 
2021-05-14,1130.60 
2021-05-17,1129.50 
2021-05-18,1133.00 
2021-05-20,1133.10 
2021-05-21,1132.20 
2021-05-24,1126.90 
2021-05-25,1127.60 
2021-05-26,1122.80 
2021-05-27,1118.60 
2021-05-28,1118.00 
2021-05-31,1116.00 
2021-06-01,1113.50 
2021-06-02,1107.00 
2021-06-03,1110.30 
2021-06-04,1111.80 
2021-06-07,1117.50 
2021-06-08,1111.20 
2021-06-09,1113.70 
2021-06-10,1115.80 
2021-06-11,1115.00 
2021-06-14,1111.20 
2021-06-15,1116.40 
2021-06-16,1117.80 
2021-06-17,1117.70 
2021-06-18,1129.50 
2021-06-21,1132.20 
2021-06-22,1135.40 
2021-06-23,1132.40 
2021-06-24,1135.60 
2021-06-25,1135.80 
2021-06-28,1128.80 
2021-06-29,1129.90 
2021-06-30,1130.00 
2021-07-01,1129.50 
2021-07-02,1132.20 
2021-07-05,1134.50 
2021-07-06,1130.30 
2021-07-07,1131.80 
2021-07-08,1137.60 
2021-07-09,1143.40 
2021-07-12,1148.30 
2021-07-13,1146.40 
2021-07-14,1145.10 
2021-07-15,1150.30 
2021-07-16,1143.70 
2021-07-19,1141.10 
2021-07-20,1145.70 
2021-07-21,1151.00 
2021-07-22,1150.60 
2021-07-23,1151.00 
2021-07-26,1149.50 
2021-07-27,1153.20 
2021-07-28,1150.20 
2021-07-29,1154.80 
2021-07-30,1147.40 
2021-08-02,1147.50 
2021-08-03,1151.50 
2021-08-04,1150.70 
2021-08-05,1145.80 
2021-08-06,1143.50 
2021-08-09,1142.30 
2021-08-10,1145.00 
2021-08-11,1148.50 
2021-08-12,1155.00 
2021-08-13,1158.90 
2021-08-17,1167.80 
2021-08-18,1174.90 
2021-08-19,1172.70 
2021-08-20,1174.50 
2021-08-23,1176.70 
2021-08-24,1174.00 
2021-08-25,1168.00 
2021-08-26,1166.50 
2021-08-27,1168.10 
2021-08-30,1170.80 
2021-08-31,1164.40 
2021-09-01,1162.80 
2021-09-02,1157.50 
2021-09-03,1159.70 
2021-09-06,1156.40 
2021-09-07,1157.30 
2021-09-08,1157.90 
2021-09-09,1164.50 
2021-09-10,1170.10 
2021-09-13,1170.40 
2021-09-14,1174.30 
2021-09-15,1172.20 
2021-09-16,1171.70 
2021-09-17,1169.10 
2021-09-23,1177.60 
2021-09-24,1181.70 
2021-09-27,1175.30 
2021-09-28,1175.90 
2021-09-29,1182.00 
2021-09-30,1184.90 
2021-10-01,1185.20 
2021-10-05,1187.20 
2021-10-06,1187.10 
2021-10-07,1190.00 
2021-10-08,1190.30 
2021-10-12,1193.40 
2021-10-13,1199.10 
2021-10-14,1195.00 
2021-10-15,1188.30 
2021-10-18,1182.80 
2021-10-19,1185.80 
2021-10-20,1181.70 
2021-10-21,1175.60 
2021-10-22,1175.80 
2021-10-25,1178.40 
2021-10-26,1171.80 
2021-10-27,1166.30 
2021-10-28,1168.10 
2021-10-29,1171.70 
2021-11-01,1169.60 
2021-11-02,1176.30 
2021-11-03,1175.50 
2021-11-04,1181.10 
2021-11-05,1180.00 
2021-11-08,1185.20 
2021-11-09,1184.30 
2021-11-10,1178.40 
2021-11-11,1181.00 
2021-11-12,1184.70 
2021-11-15,1179.60 
2021-11-16,1180.20 
2021-11-17,1179.60 
2021-11-18,1183.60 
2021-11-19,1180.50 
2021-11-22,1183.50 
2021-11-23,1187.40 
2021-11-24,1188.90 
2021-11-25,1188.50 
2021-11-26,1189.70 
2021-11-29,1193.00 
2021-11-30,1193.40 
2021-12-01,1187.70 
2021-12-02,1180.30 
2021-12-03,1177.30 
2021-12-06,1178.60 
2021-12-07,1183.70 
2021-12-08,1181.20 
2021-12-09,1176.40 
2021-12-10,1173.80 
2021-12-13,1178.20 
2021-12-14,1178.80 
2021-12-15,1183.60 
2021-12-16,1186.20 
2021-12-17,1183.50 
2021-12-20,1184.40 
2021-12-21,1189.80 
2021-12-22,1191.50 
2021-12-23,1191.20 
2021-12-24,1187.50 
2021-12-27,1186.40 
2021-12-28,1186.20 
2021-12-29,1186.70 
2021-12-30,1186.60 
2021-12-31,1185.50 
2022-01-03,1185.50 
2022-01-04,1190.80 
2022-01-05,1194.30 
2022-01-06,1198.20 
2022-01-07,1199.60 
2022-01-10,1202.40 
2022-01-11,1200.00 
2022-01-12,1195.20 
2022-01-13,1189.90 
2022-01-14,1188.20 
2022-01-17,1187.60 
2022-01-18,1192.30 
2022-01-19,1188.90 
2022-01-20,1191.80 
2022-01-21,1190.40 
2022-01-24,1193.60 
2022-01-25,1194.20 
2022-01-26,1197.80 
2022-01-27,1197.00 
2022-01-28,1202.40 
2022-02-03,1205.70 
2022-02-04,1205.40 
2022-02-07,1199.50 
2022-02-08,1199.40 
2022-02-09,1197.80 
2022-02-10,1196.00 
2022-02-11,1196.00 
2022-02-14,1199.60 
2022-02-15,1198.30 
2022-02-16,1198.50 
2022-02-17,1196.90 
2022-02-18,1197.10 
2022-02-21,1196.40 
2022-02-22,1194.60 
2022-02-23,1194.70 
2022-02-24,1192.10 
2022-02-25,1199.40 
2022-02-28,1202.70 
2022-03-02,1205.60 
2022-03-03,1205.00 
2022-03-04,1203.60 
2022-03-07,1211.50 
2022-03-08,1225.40 
2022-03-10,1234.50 
2022-03-11,1228.70 
2022-03-14,1232.40 
2022-03-15,1238.60 
2022-03-16,1241.70 
2022-03-17,1240.40 
2022-03-18,1220.60 
2022-03-21,1211.10 
2022-03-22,1213.70 
2022-03-23,1221.40 
2022-03-24,1212.70 
2022-03-25,1219.40 
2022-03-28,1218.30 
2022-03-29,1225.70 
2022-03-30,1220.50 
2022-03-31,1210.80 
2022-04-01,1210.70 
2022-04-04,1216.10 
2022-04-05,1216.70 
2022-04-06,1212.60 
2022-04-07,1219.10 
2022-04-08,1218.50 
2022-04-11,1224.00 
2022-04-12,1232.00 
2022-04-13,1236.60 
2022-04-14,1227.70 
2022-04-15,1224.20 
2022-04-18,1230.10 
2022-04-19,1232.80 
2022-04-20,1234.90 
2022-04-21,1237.10 
2022-04-22,1236.40 
2022-04-25,1241.70 
2022-04-26,1247.10 
2022-04-27,1248.30 
2022-04-28,1263.10 
2022-04-29,1269.40 
2022-05-02,1265.40 
2022-05-03,1265.80 
2022-05-04,1265.70 
2022-05-06,1261.80 
2022-05-09,1272.70 
2022-05-10,1274.60 
2022-05-11,1275.50 
2022-05-12,1277.00 
2022-05-13,1286.40 
2022-05-16,1286.00 
2022-05-17,1281.60 
2022-05-18,1277.20 
2022-05-19,1269.30 
2022-05-20,1274.60 
2022-05-23,1269.50 
2022-05-24,1267.70 
2022-05-25,1264.30 
2022-05-26,1263.30 
2022-05-27,1266.40 
2022-05-30,1256.90 
2022-05-31,1245.80 
2022-06-02,1238.40 
2022-06-03,1251.20 
2022-06-07,1241.10 
2022-06-08,1257.10 
2022-06-09,1255.40 
2022-06-10,1257.60 
2022-06-13,1266.00 
2022-06-14,1286.00 
2022-06-15,1289.70 
2022-06-16,1291.30 
2022-06-17,1284.10 
2022-06-20,1287.50 
2022-06-21,1291.70 
2022-06-22,1290.60 
2022-06-23,1295.70 
2022-06-24,1300.70 
2022-06-27,1299.40 
2022-06-28,1285.60 
2022-06-29,1284.90 
2022-06-30,1292.90 
2022-07-01,1299.80 
2022-07-04,1294.20 
2022-07-05,1297.90 
2022-07-06,1298.00 
2022-07-07,1307.40 
2022-07-08,1302.70 
2022-07-11,1299.30 
2022-07-12,1300.60 
2022-07-13,1312.90 
2022-07-14,1305.90 
2022-07-15,1310.00 
2022-07-18,1323.70 
2022-07-19,1317.80 
2022-07-20,1314.90 
2022-07-21,1308.60 
2022-07-22,1312.10 
2022-07-25,1311.70 
2022-07-26,1311.00 
2022-07-27,1310.00 
2022-07-28,1312.80 
2022-07-29,1304.00 
2022-08-01,1298.60 
2022-08-02,1306.40 
2022-08-03,1307.20 
2022-08-04,1310.50 
2022-08-05,1309.70 
2022-08-08,1299.30 
2022-08-09,1304.80 
2022-08-10,1305.10 
2022-08-11,1309.10 
2022-08-12,1302.50 
2022-08-16,1303.10 
2022-08-17,1309.60 
2022-08-18,1309.80 
2022-08-19,1317.30 
2022-08-22,1326.70 
2022-08-23,1338.20 
2022-08-24,1341.80 
2022-08-25,1341.40 
2022-08-26,1336.90 
2022-08-29,1332.50 
2022-08-30,1347.70 
2022-08-31,1347.50 
2022-09-01,1345.10 
2022-09-02,1351.40 
2022-09-05,1356.50 
2022-09-06,1369.70 
2022-09-07,1370.30 
2022-09-08,1385.30 
2022-09-13,1381.20 
2022-09-14,1374.80 
2022-09-15,1391.70 
2022-09-16,1394.20 
2022-09-19,1394.20 
2022-09-20,1390.10 
2022-09-21,1389.10 
2022-09-22,1393.60 
2022-09-23,1408.00 
2022-09-26,1408.40 
2022-09-27,1429.70 
2022-09-28,1427.20 
2022-09-29,1436.50 
2022-09-30,1434.80 
2022-10-04,1432.10 
2022-10-05,1431.20 
2022-10-06,1419.10 
2022-10-07,1404.20 
2022-10-11,1410.30 
2022-10-12,1433.50 
2022-10-13,1430.40 
2022-10-14,1427.00 
2022-10-17,1428.90 
2022-10-18,1436.60 
2022-10-19,1425.60 
2022-10-20,1420.60 
2022-10-21,1431.70 
2022-10-24,1436.60 
2022-10-25,1436.60 
2022-10-26,1436.50 
2022-10-27,1428.20 
2022-10-28,1418.10 
2022-10-31,1419.30 
2022-11-01,1422.20 
2022-11-02,1421.70 
2022-11-03,1418.00 
2022-11-04,1422.10 
2022-11-07,1422.40 
2022-11-08,1406.50 
2022-11-09,1387.30 
2022-11-10,1368.30 
2022-11-11,1370.10 
2022-11-14,1334.10 
2022-11-15,1320.30 
2022-11-16,1322.40 
2022-11-17,1325.60 
2022-11-18,1338.40 
2022-11-21,1340.00 
2022-11-22,1352.30 
2022-11-23,1355.70 
2022-11-24,1352.30 
2022-11-25,1333.20 
2022-11-28,1326.80 
2022-11-29,1339.00 
2022-11-30,1331.50 
2022-12-01,1320.10 
2022-12-02,1300.80 
2022-12-05,1300.40 
2022-12-06,1293.20 
2022-12-07,1309.00 
2022-12-08,1319.50 
2022-12-09,1320.40 
2022-12-12,1306.60 
2022-12-13,1310.00 
2022-12-14,1304.40 
2022-12-15,1296.00 
2022-12-16,1301.00 
2022-12-19,1310.10 
2022-12-20,1302.00 
2022-12-21,1298.00 
2022-12-22,1286.60 
2022-12-23,1276.10 
2022-12-26,1282.20 
2022-12-27,1276.40 
2022-12-28,1268.30 
2022-12-29,1268.40 
2022-12-30,1267.30 
2023-01-02,1267.30 
2023-01-03,1268.90 
2023-01-04,1272.10 
2023-01-05,1274.70 
2023-01-06,1270.30 
2023-01-09,1267.20 
2023-01-10,1246.80 
2023-01-11,1240.80 
2023-01-12,1245.30 
2023-01-13,1244.60 
2023-01-16,1240.60 
2023-01-17,1234.00 
2023-01-18,1238.50 
2023-01-19,1239.80 
2023-01-20,1236.00 
2023-01-25,1234.40 
2023-01-26,1233.40 
2023-01-27,1231.40 
2023-01-30,1230.20 
2023-01-31,1228.70 
2023-02-01,1230.80 
2023-02-02,1231.40 
2023-02-03,1219.30 
2023-02-06,1227.20 
2023-02-07,1247.50 
2023-02-08,1256.00 
2023-02-09,1257.10 
2023-02-10,1263.10 
2023-02-13,1264.30 
2023-02-14,1274.60 
2023-02-15,1269.90 
2023-02-16,1279.30 
2023-02-17,1283.70 
2023-02-20,1297.70 
2023-02-21,1295.80 
2023-02-22,1295.80 
2023-02-23,1303.80 
2023-02-24,1299.60 
2023-02-27,1300.50 
2023-02-28,1317.40 
2023-03-02,1319.20 
2023-03-03,1310.40 
2023-03-06,1304.80 
2023-03-07,1296.70 
2023-03-08,1299.10 
2023-03-09,1319.50 
2023-03-10,1319.70 
2023-03-13,1325.70 
2023-03-14,1307.30 
2023-03-15,1304.90 
2023-03-16,1302.00 
2023-03-17,1312.10 
2023-03-20,1303.60 
2023-03-21,1308.40 
2023-03-22,1307.80 
2023-03-23,1307.10 
2023-03-24,1287.20 
2023-03-27,1289.70 
2023-03-28,1300.30 
2023-03-29,1297.40 
2023-03-30,1299.30 
2023-03-31,1303.80 
2023-04-03,1295.40 
2023-04-04,1316.30 
2023-04-05,1310.30 
2023-04-06,1311.90 
2023-04-07,1318.70 
2023-04-10,1318.90 
2023-04-11,1320.00 
2023-04-12,1319.50 
2023-04-13,1324.20 
2023-04-14,1318.00 
2023-04-17,1299.30 
2023-04-18,1311.30 
2023-04-19,1318.80 
2023-04-20,1318.80 
2023-04-21,1327.60 
2023-04-24,1327.90 
2023-04-25,1332.70 
2023-04-26,1333.30 
2023-04-27,1337.30 
2023-04-28,1339.90 
2023-05-02,1339.10 
2023-05-03,1340.20 
2023-05-04,1339.10 
2023-05-08,1325.60 
2023-05-09,1322.70 
2023-05-10,1323.00 
2023-05-11,1324.20 
2023-05-12,1320.30 
2023-05-15,1333.60 
2023-05-16,1337.80 
2023-05-17,1336.00 
2023-05-18,1339.40 
2023-05-19,1332.70 
2023-05-22,1331.20 
2023-05-23,1319.10 
2023-05-24,1311.40 
2023-05-25,1317.50 
2023-05-26,1323.40 
2023-05-30,1325.60 
2023-05-31,1322.20 
2023-06-01,1321.60 
2023-06-02,1320.70 
2023-06-05,1308.80 
2023-06-07,1308.30 
2023-06-08,1300.50 
2023-06-09,1306.10 
2023-06-12,1294.90 
2023-06-13,1291.10 
2023-06-14,1277.50 
2023-06-15,1275.90 
2023-06-16,1280.10 
2023-06-19,1273.50 
2023-06-20,1280.70 
2023-06-21,1282.20 
2023-06-22,1291.50 
2023-06-23,1291.40 
2023-06-26,1302.20 
2023-06-27,1303.80 
2023-06-28,1303.10 
2023-06-29,1304.30 
2023-06-30,1312.80 
2023-07-03,1319.40 
2023-07-04,1310.00 
2023-07-05,1301.70 
2023-07-06,1300.80 
2023-07-07,1303.80 
2023-07-10,1307.30 
2023-07-11,1303.80 
2023-07-12,1295.00 
2023-07-13,1291.40 
2023-07-14,1276.20 
2023-07-17,1265.80 
2023-07-18,1266.10 
2023-07-19,1261.60 
2023-07-20,1265.40 
2023-07-21,1265.80 
2023-07-24,1281.70 
2023-07-25,1283.80 
2023-07-26,1280.70 
2023-07-27,1278.70 
2023-07-28,1273.40 
2023-07-31,1280.00 
2023-08-01,1273.80 
2023-08-02,1280.70 
2023-08-03,1293.00 
2023-08-04,1298.80 
2023-08-07,1303.90 
2023-08-08,1304.10 
2023-08-09,1312.60 
2023-08-10,1318.30 
2023-08-11,1317.30 
2023-08-14,1321.10 
2023-08-16,1331.30 
2023-08-17,1338.30 
2023-08-18,1341.60 
2023-08-21,1336.90 
2023-08-22,1341.50 
2023-08-23,1338.70 
2023-08-24,1338.00 
2023-08-25,1324.00 
2023-08-28,1326.60 
2023-08-29,1322.50 
2023-08-30,1322.00 
2023-08-31,1321.40 
2023-09-01,1322.30 
2023-09-04,1319.20 
2023-09-05,1319.30 
2023-09-06,1324.30 
2023-09-07,1332.60 
2023-09-08,1334.70 
2023-09-11,1333.40 
2023-09-12,1332.40 
2023-09-13,1326.10 
2023-09-14,1327.80 
2023-09-15,1326.10 
2023-09-18,1327.60 
2023-09-19,1326.00 
2023-09-20,1323.70 
2023-09-21,1329.30 
2023-09-22,1339.10 
2023-09-25,1337.60 
2023-09-26,1333.70 
2023-09-27,1344.80 
2023-10-04,1351.30 
2023-10-05,1360.60 
2023-10-06,1349.40 
2023-10-10,1348.30 
2023-10-11,1348.30 
2023-10-12,1339.60 
2023-10-13,1339.90 
2023-10-16,1349.40 
2023-10-17,1353.80 
2023-10-18,1351.90 
2023-10-19,1351.70 
2023-10-20,1357.60 
2023-10-23,1355.10 
2023-10-24,1353.20 
2023-10-25,1343.90 
2023-10-26,1347.00 
